step,Test/return,dir_name
31,,
53,,
93,,
120,,
159,,
209,,
232,,
254,,
284,,
312,,
334,,
353,,
388,,
421,,
438,,
461,,
486,,
507,,
533,,
555,,
575,,
593,,
613,,
633,,
670,,
694,,
712,,
734,,
754,,
788,,
808,,
849,,
875,,
918,,
947,,
966,,
988,,
1007,,
1025,,
1052,,
1071,,
1103,,
1128,,
1149,,
1166,,
1194,,
1215,,
1249,,
1267,,
1286,,
1304,,
1331,,
1350,,
1371,,
1389,,
1421,,
1442,,
1462,,
1485,,
1503,,
1524,,
1550,,
1586,,
1613,,
1650,,
1679,,
1698,,
1718,,
1736,,
1756,,
1774,,
1792,,
1810,,
1832,,
1856,,
1874,,
1893,,
1915,,
1944,,
1961,,
1979,,
1997,,
2017,,
2037,,
2071,,
2097,,
2125,,
2174,,
2192,,
2223,,
2243,,
2273,,
2292,,
2310,,
2328,,
2351,,
2398,,
2421,,
2443,,
2460,,
2477,,
2493,,
2519,,
2538,,
2567,,
2585,,
2606,,
2634,,
2666,,
2684,,
2701,,
2718,,
2743,,
2771,,
2793,,
2823,,
2848,,
2874,,
2905,,
2926,,
2952,,
2983,,
3011,,
3041,,
3059,,
3089,,
3111,,
3132,,
3150,,
3185,,
3214,,
3236,,
3257,,
3285,,
3304,,
3331,,
3351,,
3368,,
3402,,
3423,,
3443,,
3471,,
3501,,
3518,,
3538,,
3555,,
3585,,
3603,,
3625,,
3654,,
3673,,
3702,,
3722,,
3745,,
3762,,
3781,,
3801,,
3829,,
3856,,
3879,,
3906,,
3941,,
3978,,
3996,,
4014,,
4032,,
4055,,
4089,,
4116,,
4146,,
4174,,
4192,,
4211,,
4251,,
4299,,
4318,,
4351,,
4369,,
4389,,
4429,,
4447,,
4464,,
4483,,
4514,,
4540,,
4559,,
4579,,
4600,,
4627,,
4662,,
4691,,
4710,,
4728,,
4749,,
4779,,
4798,,
4819,,
4854,,
4887,,
4915,,
4947,,
4969,,
4989,,
5022,,
5048,,
5077,,
5094,,
5120,,
5142,,
5177,,
5226,,
5247,,
5274,,
5291,,
5313,,
5330,,
5352,,
5370,,
5388,,
5421,,
5438,,
5459,,
5476,,
5504,,
5523,,
5548,,
5565,,
5583,,
5603,,
5621,,
5638,,
5656,,
5674,,
5692,,
5723,,
5744,,
5761,,
5779,,
5796,,
5814,,
5830,,
5847,,
5865,,
5883,,
5900,,
5918,,
5935,,
5952,,
5970,,
5987,,
6000,,
6004,,
6021,,
6038,,
6055,,
6071,,
6087,,
6103,,
6120,,
6136,,
6153,,
6170,,
6187,,
6205,,
6221,,
6238,,
6254,,
6271,,
6292,,
6309,,
6326,,
6343,,
6360,,
6377,,
6399,,
6416,,
6433,,
6451,,
6468,,
6484,,
6500,,
6516,,
6533,,
6550,,
6566,,
6584,,
6600,,
6618,,
6634,,
6651,,
6668,,
6685,,
6701,,
6717,,
6733,,
6750,,
6766,,
6783,,
6807,,
6825,,
6842,,
6858,,
6874,,
6891,,
6908,,
6935,,
6952,,
6970,,
6987,,
7000,,
7004,,
7021,,
7038,,
7054,,
7071,,
7089,,
7105,,
7122,,
7139,,
7156,,
7172,,
7189,,
7206,,
7222,,
7238,,
7254,,
7270,,
7286,,
7302,,
7319,,
7336,,
7352,,
7369,,
7385,,
7402,,
7418,,
7434,,
7451,,
7468,,
7485,,
7501,,
7517,,
7533,,
7550,,
7566,,
7582,,
7598,,
7614,,
7631,,
7647,,
7664,,
7681,,
7698,,
7714,,
7730,,
7746,,
7762,,
7779,,
7795,,
7812,,
7828,,
7844,,
7860,,
7877,,
7894,,
7911,,
7927,,
7943,,
7959,,
7975,,
7991,,
8000,,
8007,,
8024,,
8040,,
8056,,
8073,,
8089,,
8105,,
8121,,
8137,,
8153,,
8170,,
8187,,
8203,,
8219,,
8235,,
8251,,
8268,,
8284,,
8302,,
8318,,
8334,,
8350,,
8366,,
8382,,
8398,,
8414,,
8430,,
8446,,
8462,,
8478,,
8495,,
8511,,
8527,,
8544,,
8560,,
8576,,
8592,,
8608,,
8625,,
8642,,
8659,,
8675,,
8692,,
8708,,
8724,,
8740,,
8756,,
8772,,
8788,,
8805,,
8821,,
8837,,
8853,,
8869,,
8885,,
8901,,
8917,,
8933,,
8952,,
8968,,
8984,,
9000,,
9017,,
9034,,
9051,,
9067,,
9084,,
9101,,
9117,,
9133,,
9149,,
9165,,
9181,,
9197,,
9213,,
9229,,
9245,,
9261,,
9277,,
9293,,
9309,,
9325,,
9341,,
9357,,
9373,,
9389,,
9405,,
9421,,
9438,,
9454,,
9470,,
9486,,
9503,,
9519,,
9535,,
9551,,
9567,,
9585,,
9601,,
9617,,
9633,,
9651,,
9667,,
9683,,
9699,,
9715,,
9731,,
9747,,
9763,,
9779,,
9796,,
9813,,
9829,,
9845,,
9861,,
9878,,
9894,,
9910,,
9926,,
9942,,
9957,,
9973,,
9989,,
10000,79.4986343383789,
10006,,
10022,,
10039,,
10055,,
10071,,
10087,,
10103,,
10118,,
10134,,
10150,,
10166,,
10182,,
10198,,
10214,,
10230,,
10246,,
10262,,
10277,,
10293,,
10311,,
10328,,
10344,,
10362,,
10378,,
10394,,
10410,,
10427,,
10442,,
10458,,
10473,,
10489,,
10505,,
10522,,
10537,,
10554,,
10570,,
10586,,
10603,,
10618,,
10634,,
10650,,
10667,,
10683,,
10699,,
10715,,
10731,,
10747,,
10763,,
10779,,
10797,,
10813,,
10830,,
10846,,
10862,,
10878,,
10894,,
10910,,
10926,,
10943,,
10959,,
10975,,
10991,,
11000,,
11007,,
11023,,
11039,,
11056,,
11072,,
11088,,
11104,,
11124,,
11140,,
11157,,
11173,,
11189,,
11206,,
11223,,
11240,,
11256,,
11274,,
11290,,
11306,,
11322,,
11339,,
11355,,
11371,,
11387,,
11404,,
11420,,
11437,,
11454,,
11470,,
11486,,
11502,,
11518,,
11534,,
11550,,
11566,,
11582,,
11598,,
11615,,
11631,,
11647,,
11663,,
11679,,
11696,,
11712,,
11728,,
11744,,
11760,,
11776,,
11793,,
11809,,
11827,,
11843,,
11859,,
11875,,
11891,,
11907,,
11924,,
11940,,
11956,,
11972,,
11988,,
12000,,
12004,,
12020,,
12036,,
12052,,
12069,,
12085,,
12101,,
12117,,
12134,,
12150,,
12166,,
12182,,
12198,,
12214,,
12230,,
12246,,
12262,,
12278,,
12294,,
12310,,
12325,,
12341,,
12356,,
12372,,
12388,,
12404,,
12420,,
12436,,
12452,,
12467,,
12483,,
12499,,
12515,,
12531,,
12547,,
12563,,
12578,,
12594,,
12610,,
12626,,
12643,,
12659,,
12675,,
12691,,
12707,,
12723,,
12739,,
12754,,
12769,,
12785,,
12801,,
12817,,
12832,,
12848,,
12864,,
12879,,
12895,,
12911,,
12927,,
12942,,
12958,,
12973,,
12989,,
13000,,
13005,,
13021,,
13037,,
13053,,
13069,,
13085,,
13101,,
13117,,
13133,,
13149,,
13165,,
13181,,
13197,,
13213,,
13229,,
13245,,
13261,,
13277,,
13293,,
13309,,
13324,,
13340,,
13356,,
13372,,
13388,,
13403,,
13419,,
13435,,
13451,,
13467,,
13483,,
13498,,
13514,,
13531,,
13547,,
13563,,
13579,,
13595,,
13611,,
13627,,
13643,,
13659,,
13675,,
13691,,
13707,,
13723,,
13739,,
13755,,
13770,,
13786,,
13802,,
13818,,
13834,,
13850,,
13866,,
13882,,
13898,,
13914,,
13930,,
13946,,
13962,,
13978,,
13994,,
14000,,
14010,,
14026,,
14042,,
14058,,
14073,,
14089,,
14105,,
14121,,
14137,,
14152,,
14168,,
14184,,
14200,,
14215,,
14231,,
14247,,
14263,,
14279,,
14294,,
14310,,
14326,,
14342,,
14358,,
14374,,
14390,,
14406,,
14422,,
14438,,
14454,,
14470,,
14486,,
14501,,
14517,,
14533,,
14549,,
14565,,
14581,,
14597,,
14612,,
14628,,
14643,,
14659,,
14674,,
14690,,
14706,,
14721,,
14737,,
14753,,
14769,,
14784,,
14800,,
14815,,
14831,,
14847,,
14863,,
14879,,
14895,,
14911,,
14927,,
14942,,
14958,,
14974,,
14989,,
15000,,
15005,,
15020,,
15036,,
15052,,
15067,,
15082,,
15098,,
15114,,
15130,,
15146,,
15161,,
15176,,
15191,,
15207,,
15222,,
15238,,
15253,,
15268,,
15284,,
15300,,
15315,,
15330,,
15345,,
15360,,
15375,,
15390,,
15406,,
15422,,
15437,,
15452,,
15467,,
15482,,
15497,,
15512,,
15527,,
15542,,
15558,,
15574,,
15589,,
15605,,
15620,,
15635,,
15650,,
15666,,
15681,,
15696,,
15711,,
15726,,
15741,,
15756,,
15771,,
15786,,
15801,,
15817,,
15832,,
15847,,
15863,,
15878,,
15893,,
15908,,
15924,,
15939,,
15954,,
15969,,
15984,,
15999,,
16000,,
16015,,
16031,,
16046,,
16061,,
16077,,
16092,,
16107,,
16122,,
16137,,
16152,,
16167,,
16182,,
16197,,
16212,,
16227,,
16242,,
16257,,
16272,,
16287,,
16302,,
16318,,
16333,,
16348,,
16363,,
16378,,
16394,,
16409,,
16424,,
16439,,
16454,,
16469,,
16484,,
16499,,
16514,,
16529,,
16544,,
16559,,
16574,,
16589,,
16604,,
16619,,
16635,,
16650,,
16666,,
16681,,
16697,,
16712,,
16728,,
16743,,
16758,,
16774,,
16789,,
16804,,
16820,,
16835,,
16850,,
16865,,
16881,,
16896,,
16911,,
16927,,
16943,,
16959,,
16974,,
16989,,
17000,,
17005,,
17020,,
17035,,
17050,,
17065,,
17080,,
17095,,
17111,,
17126,,
17141,,
17157,,
17172,,
17188,,
17203,,
17219,,
17234,,
17249,,
17265,,
17281,,
17297,,
17312,,
17328,,
17344,,
17360,,
17376,,
17391,,
17407,,
17423,,
17439,,
17455,,
17470,,
17485,,
17500,,
17516,,
17532,,
17547,,
17563,,
17579,,
17595,,
17611,,
17627,,
17644,,
17660,,
17676,,
17692,,
17708,,
17724,,
17740,,
17756,,
17772,,
17788,,
17804,,
17819,,
17835,,
17851,,
17869,,
17885,,
17902,,
17919,,
17935,,
17954,,
17970,,
17986,,
18000,,
18005,,
18024,,
18040,,
18057,,
18073,,
18092,,
18110,,
18126,,
18142,,
18158,,
18180,,
18197,,
18215,,
18233,,
18255,,
18278,,
18304,,
18325,,
18344,,
18365,,
18386,,
18405,,
18427,,
18450,,
18473,,
18496,,
18519,,
18544,,
18565,,
18585,,
18606,,
18627,,
18649,,
18672,,
18694,,
18714,,
18736,,
18758,,
18780,,
18804,,
18825,,
18851,,
18874,,
18897,,
18918,,
18938,,
18959,,
18981,,
19000,,
19002,,
19025,,
19047,,
19068,,
19089,,
19109,,
19133,,
19153,,
19177,,
19201,,
19223,,
19246,,
19270,,
19294,,
19315,,
19343,,
19378,,
19400,,
19430,,
19453,,
19476,,
19499,,
19537,,
19562,,
19583,,
19612,,
19634,,
19661,,
19685,,
19710,,
19733,,
19766,,
19791,,
19820,,
19856,,
19881,,
19912,,
19935,,
19963,,
19993,,
20000,203.14976501464844,
20018,,
20055,,
20094,,
20135,,
20168,,
20203,,
20230,,
20255,,
20289,,
20321,,
20358,,
20398,,
20437,,
20476,,
20518,,
20553,,
20595,,
20638,,
20675,,
20713,,
20755,,
20793,,
20832,,
20870,,
20912,,
20954,,
20999,,
21000,,
21044,,
21088,,
21132,,
21175,,
21217,,
21262,,
21307,,
21352,,
21399,,
21449,,
21503,,
21546,,
21599,,
21642,,
21694,,
21761,,
21813,,
21866,,
21912,,
21960,,
22000,,
22011,,
22053,,
22101,,
22144,,
22198,,
22245,,
22341,,
22400,,
22453,,
22495,,
22541,,
22607,,
22667,,
22754,,
22808,,
22871,,
22931,,
22997,,
23000,,
23051,,
23121,,
23174,,
23237,,
23295,,
23356,,
23413,,
23462,,
23593,,
23653,,
23732,,
23836,,
23889,,
23956,,
24000,,
24026,,
24083,,
24152,,
24214,,
24267,,
24329,,
24387,,
24451,,
24504,,
24571,,
24635,,
24715,,
24773,,
24839,,
24910,,
24959,,
25000,,
25010,,
25059,,
25114,,
25169,,
25221,,
25273,,
25335,,
25388,,
25447,,
25499,,
25559,,
25601,,
25650,,
25709,,
25767,,
25816,,
25876,,
25924,,
25977,,
26000,,
26036,,
26091,,
26138,,
26181,,
26240,,
26297,,
26338,,
26395,,
26437,,
26483,,
26548,,
26602,,
26669,,
26725,,
26777,,
26831,,
26884,,
26937,,
26988,,
27000,,
27036,,
27098,,
27142,,
27192,,
27250,,
27314,,
27363,,
27429,,
27475,,
27533,,
27599,,
27650,,
27697,,
27750,,
27807,,
27854,,
27911,,
27970,,
28000,,
28019,,
28076,,
28144,,
28212,,
28277,,
28328,,
28381,,
28439,,
28488,,
28555,,
28616,,
28672,,
28730,,
28785,,
28848,,
28916,,
28969,,
29000,,
29066,,
29137,,
29208,,
29302,,
29355,,
29403,,
29438,,
29485,,
29528,,
29586,,
29642,,
29706,,
29758,,
29812,,
29861,,
29920,,
29973,,
30000,322.9812316894531,
30028,,
30090,,
30150,,
30218,,
30252,,
30316,,
30354,,
30394,,
30451,,
30510,,
30556,,
30595,,
30629,,
30681,,
30734,,
30777,,
30822,,
30860,,
30904,,
30956,,
31000,,
31013,,
31059,,
31120,,
31177,,
31239,,
31282,,
31356,,
31401,,
31454,,
31524,,
31590,,
31670,,
31721,,
31765,,
31841,,
31934,,
32000,,
32073,,
32153,,
32212,,
32280,,
32337,,
32409,,
32469,,
32541,,
32692,,
32761,,
32836,,
32910,,
32972,,
33000,,
33050,,
33164,,
33212,,
33266,,
33350,,
33404,,
33474,,
33576,,
33656,,
33729,,
33795,,
33878,,
33940,,
34000,,
34011,,
34098,,
34183,,
34242,,
34321,,
34439,,
34484,,
34550,,
34648,,
34696,,
34795,,
34857,,
34924,,
35000,,
35009,,
35100,,
35169,,
35244,,
35281,,
35377,,
35510,,
35579,,
35667,,
35770,,
35859,,
35938,,
36000,,
36023,,
36117,,
36190,,
36294,,
36361,,
36435,,
36525,,
36606,,
36685,,
36744,,
36829,,
36913,,
37000,,
37007,,
37067,,
37142,,
37263,,
37327,,
37387,,
37458,,
37537,,
37633,,
37735,,
37788,,
37848,,
37914,,
37997,,
38000,,
38073,,
38138,,
38211,,
38275,,
38361,,
38435,,
38503,,
38582,,
38657,,
38752,,
38841,,
38900,,
38967,,
39000,,
39043,,
39119,,
39194,,
39256,,
39337,,
39423,,
39508,,
39589,,
39655,,
39741,,
39818,,
39876,,
39974,,
40000,346.79266357421875,
40085,,
40244,,
40328,,
40406,,
40469,,
40547,,
40663,,
40735,,
40818,,
40898,,
40965,,
41000,,
41031,,
41094,,
41161,,
41219,,
41289,,
41362,,
41463,,
41550,,
41618,,
41699,,
41792,,
41878,,
41968,,
42000,,
42090,,
42170,,
42273,,
42376,,
42456,,
42518,,
42599,,
42665,,
42731,,
42854,,
42929,,
43000,,
43002,,
43064,,
43139,,
43220,,
43296,,
43414,,
43489,,
43560,,
43637,,
43717,,
43803,,
43889,,
43968,,
44000,,
44047,,
44135,,
44211,,
44273,,
44338,,
44424,,
44490,,
44561,,
44637,,
44707,,
44774,,
44849,,
44912,,
44981,,
45000,,
45055,,
45102,,
45169,,
45227,,
45335,,
45425,,
45557,,
45632,,
45692,,
45767,,
45837,,
45897,,
45978,,
46000,,
46054,,
46165,,
46249,,
46336,,
46445,,
46522,,
46610,,
46675,,
46774,,
46831,,
46911,,
46999,,
47000,,
47071,,
47136,,
47192,,
47248,,
47314,,
47367,,
47434,,
47488,,
47559,,
47651,,
47713,,
47808,,
47867,,
47930,,
48000,,
48007,,
48071,,
48130,,
48190,,
48253,,
48311,,
48379,,
48432,,
48508,,
48583,,
48645,,
48711,,
48763,,
48838,,
48926,,
48979,,
49000,,
49032,,
49081,,
49138,,
49204,,
49273,,
49338,,
49405,,
49462,,
49535,,
49615,,
49676,,
49778,,
49833,,
49892,,
49950,,
50000,342.9330139160156,
50006,,
50070,,
50139,,
50203,,
50256,,
50310,,
50364,,
50418,,
50485,,
50539,,
50605,,
50673,,
50731,,
50796,,
50861,,
50922,,
50983,,
51000,,
51044,,
51098,,
51157,,
51227,,
51288,,
51355,,
51429,,
51506,,
51565,,
51622,,
51680,,
51750,,
51805,,
51859,,
51912,,
51961,,
52000,,
52019,,
52087,,
52149,,
52213,,
52283,,
52348,,
52403,,
52461,,
52531,,
52594,,
52650,,
52712,,
52777,,
52840,,
52892,,
52947,,
53000,,
53002,,
53074,,
53133,,
53183,,
53239,,
53310,,
53366,,
53435,,
53492,,
53550,,
53602,,
53660,,
53715,,
53775,,
53828,,
53888,,
53952,,
54000,,
54008,,
54068,,
54117,,
54181,,
54229,,
54276,,
54331,,
54380,,
54434,,
54494,,
54549,,
54607,,
54665,,
54741,,
54794,,
54847,,
54900,,
54949,,
55000,,
55002,,
55060,,
55115,,
55171,,
55225,,
55278,,
55340,,
55389,,
55446,,
55501,,
55565,,
55615,,
55675,,
55723,,
55772,,
55827,,
55886,,
55944,,
55999,,
56000,,
56056,,
56114,,
56165,,
56218,,
56274,,
56327,,
56378,,
56434,,
56481,,
56536,,
56605,,
56662,,
56721,,
56788,,
56843,,
56898,,
56965,,
57000,,
57017,,
57090,,
57151,,
57220,,
57278,,
57333,,
57416,,
57502,,
57553,,
57630,,
57707,,
57771,,
57835,,
57888,,
57945,,
57999,,
58000,,
58062,,
58113,,
58160,,
58215,,
58282,,
58334,,
58394,,
58446,,
58510,,
58564,,
58617,,
58674,,
58746,,
58804,,
58858,,
58910,,
58957,,
59000,,
59012,,
59065,,
59117,,
59173,,
59224,,
59277,,
59327,,
59382,,
59434,,
59492,,
59548,,
59600,,
59654,,
59705,,
59761,,
59815,,
59871,,
59923,,
59981,,
60000,290.4943542480469,
60030,,
60084,,
60139,,
60187,,
60236,,
60286,,
60336,,
60389,,
60439,,
60497,,
60548,,
60608,,
60663,,
60718,,
60772,,
60828,,
60883,,
60960,,
61000,,
61011,,
61061,,
61114,,
61166,,
61222,,
61277,,
61335,,
61389,,
61444,,
61495,,
61549,,
61604,,
61656,,
61709,,
61765,,
61818,,
61871,,
61927,,
61984,,
62000,,
62043,,
62093,,
62149,,
62203,,
62258,,
62317,,
62367,,
62417,,
62468,,
62526,,
62581,,
62633,,
62701,,
62752,,
62807,,
62864,,
62920,,
62970,,
63000,,
63019,,
63072,,
63126,,
63184,,
63247,,
63298,,
63363,,
63420,,
63473,,
63536,,
63596,,
63649,,
63700,,
63758,,
63812,,
63866,,
63922,,
63991,,
64000,,
64047,,
64107,,
64160,,
64219,,
64279,,
64333,,
64396,,
64445,,
64496,,
64545,,
64600,,
64646,,
64694,,
64751,,
64806,,
64862,,
64925,,
64976,,
65000,,
65026,,
65092,,
65146,,
65212,,
65264,,
65319,,
65377,,
65430,,
65491,,
65547,,
65594,,
65649,,
65705,,
65758,,
65812,,
65861,,
65917,,
65978,,
66000,,
66032,,
66080,,
66140,,
66193,,
66245,,
66301,,
66354,,
66413,,
66470,,
66527,,
66588,,
66644,,
66703,,
66759,,
66810,,
66870,,
66926,,
66978,,
67000,,
67030,,
67089,,
67137,,
67190,,
67252,,
67304,,
67359,,
67405,,
67456,,
67511,,
67576,,
67629,,
67681,,
67732,,
67792,,
67843,,
67906,,
67966,,
68000,,
68018,,
68064,,
68117,,
68168,,
68217,,
68274,,
68327,,
68378,,
68429,,
68492,,
68548,,
68600,,
68652,,
68698,,
68753,,
68815,,
68864,,
68917,,
68968,,
69000,,
69025,,
69078,,
69142,,
69204,,
69250,,
69306,,
69364,,
69416,,
69469,,
69520,,
69573,,
69630,,
69689,,
69744,,
69798,,
69857,,
69914,,
69968,,
70000,277.3503112792969,
70019,,
70071,,
70124,,
70180,,
70235,,
70290,,
70350,,
70401,,
70448,,
70507,,
70561,,
70614,,
70665,,
70712,,
70768,,
70819,,
70873,,
70927,,
70983,,
71000,,
71033,,
71085,,
71138,,
71191,,
71245,,
71311,,
71372,,
71429,,
71482,,
71532,,
71592,,
71648,,
71699,,
71745,,
71800,,
71852,,
71913,,
71969,,
72000,,
72032,,
72094,,
72147,,
72205,,
72264,,
72317,,
72369,,
72434,,
72498,,
72555,,
72602,,
72666,,
72723,,
72774,,
72827,,
72883,,
72944,,
72994,,
73000,,
73056,,
73106,,
73155,,
73213,,
73266,,
73323,,
73375,,
73430,,
73486,,
73544,,
73598,,
73669,,
73737,,
73791,,
73855,,
73918,,
73971,,
74000,,
74032,,
74089,,
74144,,
74206,,
74266,,
74320,,
74373,,
74434,,
74492,,
74542,,
74595,,
74655,,
74707,,
74768,,
74827,,
74893,,
74953,,
75000,,
75008,,
75067,,
75118,,
75180,,
75230,,
75290,,
75363,,
75424,,
75473,,
75526,,
75581,,
75636,,
75712,,
75762,,
75815,,
75866,,
75916,,
75969,,
76000,,
76021,,
76078,,
76142,,
76192,,
76242,,
76298,,
76346,,
76405,,
76461,,
76519,,
76575,,
76630,,
76689,,
76739,,
76792,,
76841,,
76899,,
76950,,
77000,,
77004,,
77059,,
77119,,
77180,,
77254,,
77305,,
77368,,
77424,,
77482,,
77538,,
77600,,
77664,,
77725,,
77788,,
77850,,
77914,,
77971,,
78000,,
78034,,
78087,,
78151,,
78207,,
78270,,
78331,,
78395,,
78454,,
78512,,
78562,,
78619,,
78674,,
78735,,
78789,,
78856,,
78913,,
78978,,
79000,,
79041,,
79107,,
79167,,
79221,,
79277,,
79342,,
79402,,
79455,,
79531,,
79585,,
79639,,
79698,,
79762,,
79815,,
79878,,
79935,,
79989,,
80000,370.04144287109375,
80042,,
80113,,
80189,,
80246,,
80314,,
80378,,
80450,,
80516,,
80582,,
80659,,
80741,,
80792,,
80866,,
80935,,
80999,,
81000,,
81065,,
81140,,
81197,,
81256,,
81323,,
81375,,
81439,,
81493,,
81557,,
81610,,
81678,,
81755,,
81814,,
81888,,
81953,,
82000,,
82050,,
82118,,
82178,,
82248,,
82298,,
82358,,
82419,,
82506,,
82564,,
82623,,
82680,,
82748,,
82828,,
82902,,
82956,,
83000,,
83031,,
83171,,
83236,,
83297,,
83367,,
83445,,
83507,,
83587,,
83653,,
83713,,
83771,,
83854,,
83915,,
84000,,
84001,,
84062,,
84140,,
84227,,
84299,,
84393,,
84474,,
84566,,
84642,,
84782,,
84859,,
84957,,
85000,,
85042,,
85106,,
85199,,
85288,,
85345,,
85409,,
85473,,
85540,,
85612,,
85719,,
85802,,
85897,,
85964,,
86000,,
86050,,
86134,,
86203,,
86272,,
86343,,
86470,,
86523,,
86573,,
86651,,
86723,,
86792,,
86863,,
86948,,
87000,,
87012,,
87131,,
87234,,
87341,,
87400,,
87460,,
87554,,
87613,,
87693,,
87760,,
87878,,
87970,,
88000,,
88050,,
88117,,
88214,,
88287,,
88357,,
88423,,
88488,,
88563,,
88626,,
88715,,
88786,,
88849,,
88921,,
88993,,
89000,,
89074,,
89137,,
89211,,
89278,,
89357,,
89477,,
89546,,
89613,,
89715,,
89802,,
89872,,
89947,,
90000,438.36517333984375,
90018,,
90082,,
90158,,
90257,,
90337,,
90455,,
90520,,
90589,,
90645,,
90738,,
90802,,
90890,,
90950,,
91000,,
91026,,
91104,,
91189,,
91266,,
91385,,
91478,,
91544,,
91653,,
91738,,
91844,,
91907,,
92000,,
92001,,
92098,,
92167,,
92242,,
92317,,
92388,,
92478,,
92562,,
92668,,
92736,,
92802,,
92868,,
92933,,
93000,,
93021,,
93105,,
93190,,
93271,,
93399,,
93477,,
93549,,
93674,,
93806,,
93877,,
93963,,
94000,,
94030,,
94139,,
94224,,
94300,,
94381,,
94484,,
94535,,
94653,,
94751,,
94833,,
94913,,
94975,,
95000,,
95043,,
95153,,
95241,,
95338,,
95399,,
95449,,
95610,,
95695,,
95759,,
95815,,
95876,,
95947,,
96000,,
96024,,
96115,,
96218,,
96303,,
96401,,
96463,,
96528,,
96598,,
96659,,
96734,,
96812,,
96877,,
96941,,
97000,,
97010,,
97137,,
97210,,
97292,,
97361,,
97431,,
97545,,
97632,,
97729,,
97800,,
97937,,
98000,,
98015,,
98090,,
98167,,
98234,,
98306,,
98371,,
98428,,
98478,,
98532,,
98584,,
98669,,
98756,,
98812,,
98878,,
98961,,
99000,,
99041,,
99158,,
99230,,
99308,,
99395,,
99478,,
99552,,
99619,,
99690,,
99767,,
99846,,
99932,,
100000,380.74951171875,
100010,,
100082,,
100151,,
100225,,
100290,,
100371,,
100459,,
100531,,
100592,,
100645,,
100711,,
100777,,
100835,,
100913,,
100966,,
101000,,
101064,,
101151,,
101226,,
101338,,
101467,,
101617,,
101694,,
101758,,
101832,,
101955,,
102000,,
102045,,
102099,,
102171,,
102243,,
102312,,
102414,,
102488,,
102585,,
102650,,
102731,,
102807,,
102903,,
103000,,
103037,,
103137,,
103214,,
103281,,
103393,,
103472,,
103568,,
103646,,
103717,,
103776,,
103875,,
103946,,
104000,,
104027,,
104110,,
104178,,
104265,,
104344,,
104430,,
104528,,
104614,,
104705,,
104784,,
104893,,
104984,,
105000,,
105063,,
105132,,
105195,,
105250,,
105346,,
105423,,
105496,,
105580,,
105667,,
105785,,
105855,,
105963,,
106000,,
106041,,
106122,,
106198,,
106266,,
106346,,
106403,,
106456,,
106550,,
106620,,
106694,,
106760,,
106869,,
106986,,
107000,,
107076,,
107150,,
107232,,
107316,,
107421,,
107488,,
107567,,
107716,,
107787,,
107913,,
107981,,
108000,,
108046,,
108129,,
108200,,
108305,,
108385,,
108459,,
108522,,
108602,,
108738,,
108824,,
108901,,
108981,,
109000,,
109051,,
109146,,
109223,,
109310,,
109389,,
109467,,
109589,,
109698,,
109770,,
109863,,
109930,,
110000,424.0970458984375,
110012,,
110090,,
110170,,
110243,,
110335,,
110401,,
110488,,
110563,,
110628,,
110712,,
110780,,
110856,,
110935,,
111000,,
111028,,
111123,,
111191,,
111301,,
111380,,
111455,,
111529,,
111613,,
111678,,
111752,,
111828,,
111931,,
112000,,
112047,,
112140,,
112234,,
112337,,
112440,,
112508,,
112582,,
112661,,
112735,,
112802,,
112866,,
112948,,
113000,,
113022,,
113090,,
113154,,
113226,,
113305,,
113379,,
113442,,
113556,,
113641,,
113761,,
113837,,
113911,,
113981,,
114000,,
114061,,
114147,,
114222,,
114293,,
114358,,
114453,,
114579,,
114641,,
114748,,
114818,,
114879,,
114975,,
115000,,
115041,,
115120,,
115207,,
115289,,
115380,,
115439,,
115536,,
115613,,
115699,,
115776,,
115880,,
115954,,
116000,,
116023,,
116090,,
116165,,
116240,,
116309,,
116388,,
116466,,
116557,,
116619,,
116700,,
116772,,
116857,,
117000,,
117007,,
117087,,
117246,,
117319,,
117386,,
117463,,
117527,,
117641,,
117729,,
117825,,
117971,,
118000,,
118069,,
118135,,
118203,,
118270,,
118347,,
118421,,
118489,,
118566,,
118634,,
118728,,
118801,,
118861,,
118940,,
119000,,
119005,,
119081,,
119146,,
119222,,
119296,,
119382,,
119460,,
119560,,
119632,,
119709,,
119800,,
119881,,
119947,,
120000,496.416259765625,
120026,,
120092,,
120159,,
120239,,
120310,,
120399,,
120480,,
120582,,
120660,,
120731,,
120806,,
120879,,
120949,,
121000,,
121018,,
121129,,
121241,,
121313,,
121432,,
121527,,
121642,,
121772,,
121840,,
121915,,
121977,,
122000,,
122065,,
122148,,
122220,,
122315,,
122386,,
122464,,
122566,,
122639,,
122732,,
122798,,
122870,,
122941,,
123000,,
123046,,
123142,,
123230,,
123315,,
123436,,
123549,,
123625,,
123699,,
123800,,
123935,,
124000,,
124018,,
124114,,
124169,,
124240,,
124335,,
124421,,
124503,,
124582,,
124657,,
124739,,
124827,,
124903,,
124980,,
125000,,
125094,,
125175,,
125280,,
125368,,
125433,,
125513,,
125604,,
125708,,
125784,,
125854,,
125932,,
126000,,
126017,,
126079,,
126174,,
126256,,
126337,,
126458,,
126525,,
126601,,
126674,,
126755,,
126832,,
126923,,
127000,,
127008,,
127100,,
127194,,
127277,,
127347,,
127410,,
127488,,
127561,,
127702,,
127768,,
127849,,
127918,,
128000,,
128018,,
128087,,
128156,,
128229,,
128299,,
128398,,
128476,,
128593,,
128696,,
128764,,
128822,,
128899,,
128970,,
129000,,
129038,,
129135,,
129226,,
129356,,
129460,,
129528,,
129590,,
129659,,
129732,,
129803,,
129885,,
129955,,
130000,484.1593322753906,
130022,,
130091,,
130156,,
130223,,
130287,,
130374,,
130450,,
130526,,
130586,,
130672,,
130731,,
130786,,
130865,,
130934,,
131000,,
131067,,
131137,,
131203,,
131259,,
131326,,
131407,,
131471,,
131542,,
131610,,
131679,,
131745,,
131807,,
131867,,
131941,,
132000,,
132018,,
132107,,
132173,,
132236,,
132308,,
132376,,
132446,,
132528,,
132637,,
132711,,
132816,,
132901,,
132965,,
133000,,
133035,,
133109,,
133197,,
133262,,
133341,,
133444,,
133508,,
133571,,
133647,,
133715,,
133830,,
133901,,
133963,,
134000,,
134054,,
134113,,
134178,,
134280,,
134355,,
134448,,
134553,,
134656,,
134755,,
134847,,
134927,,
134994,,
135000,,
135056,,
135113,,
135173,,
135247,,
135308,,
135377,,
135448,,
135518,,
135607,,
135672,,
135745,,
135822,,
135889,,
135973,,
136000,,
136038,,
136107,,
136216,,
136289,,
136370,,
136437,,
136516,,
136590,,
136665,,
136732,,
136795,,
136876,,
136969,,
137000,,
137042,,
137120,,
137192,,
137251,,
137324,,
137401,,
137486,,
137555,,
137618,,
137688,,
137767,,
137838,,
137916,,
137988,,
138000,,
138058,,
138137,,
138218,,
138304,,
138383,,
138446,,
138521,,
138590,,
138671,,
138740,,
138813,,
138886,,
138962,,
139000,,
139048,,
139129,,
139208,,
139282,,
139353,,
139437,,
139498,,
139583,,
139658,,
139747,,
139827,,
139897,,
139971,,
140000,384.26031494140625,
140035,,
140111,,
140184,,
140257,,
140331,,
140401,,
140477,,
140550,,
140623,,
140696,,
140771,,
140835,,
140907,,
140979,,
141000,,
141058,,
141133,,
141204,,
141298,,
141387,,
141457,,
141527,,
141606,,
141674,,
141742,,
141814,,
141889,,
141963,,
142000,,
142036,,
142104,,
142189,,
142254,,
142329,,
142403,,
142470,,
142552,,
142630,,
142698,,
142771,,
142851,,
142916,,
142998,,
143000,,
143089,,
143163,,
143240,,
143308,,
143378,,
143461,,
143590,,
143675,,
143745,,
143810,,
143874,,
143947,,
144000,,
144029,,
144109,,
144208,,
144278,,
144374,,
144453,,
144532,,
144607,,
144669,,
144745,,
144829,,
144911,,
144981,,
145000,,
145066,,
145157,,
145225,,
145308,,
145376,,
145460,,
145537,,
145613,,
145685,,
145756,,
145843,,
145936,,
146000,,
146030,,
146105,,
146205,,
146279,,
146371,,
146442,,
146525,,
146604,,
146687,,
146783,,
146864,,
146934,,
147000,,
147048,,
147142,,
147229,,
147318,,
147389,,
147479,,
147559,,
147644,,
147721,,
147806,,
147885,,
147969,,
148000,,
148051,,
148125,,
148220,,
148306,,
148384,,
148468,,
148590,,
148688,,
148779,,
148872,,
148949,,
149000,,
149030,,
149122,,
149205,,
149292,,
149375,,
149454,,
149546,,
149639,,
149727,,
149812,,
149889,,
149969,,
150000,563.225830078125,
150061,,
150147,,
150226,,
150298,,
150386,,
150471,,
150546,,
150619,,
150691,,
150768,,
150851,,
150946,,
151000,,
151054,,
151228,,
151390,,
151460,,
151583,,
151683,,
151763,,
151841,,
151917,,
152000,,
152012,,
152087,,
152176,,
152271,,
152361,,
152438,,
152516,,
152609,,
152709,,
152775,,
152852,,
152960,,
153000,,
153046,,
153132,,
153195,,
153284,,
153389,,
153462,,
153561,,
153646,,
153730,,
153849,,
153919,,
154000,,
154009,,
154093,,
154188,,
154273,,
154356,,
154436,,
154513,,
154595,,
154657,,
154759,,
154842,,
154927,,
155000,,
155011,,
155101,,
155200,,
155305,,
155393,,
155471,,
155547,,
155630,,
155767,,
155850,,
155948,,
156000,,
156071,,
156145,,
156234,,
156342,,
156436,,
156544,,
156633,,
156730,,
156806,,
156913,,
157000,,
157009,,
157165,,
157281,,
157382,,
157484,,
157581,,
157686,,
157791,,
157925,,
158000,,
158050,,
158117,,
158205,,
158334,,
158421,,
158513,,
158634,,
158747,,
158912,,
159000,,
159057,,
159142,,
159238,,
159356,,
159447,,
159564,,
159696,,
159805,,
159895,,
159991,,
160000,629.5557861328125,
160069,,
160171,,
160276,,
160379,,
160468,,
160536,,
160633,,
160748,,
160841,,
160912,,
161000,,
161012,,
161100,,
161214,,
161305,,
161491,,
161651,,
161755,,
161848,,
161997,,
162000,,
162074,,
162164,,
162300,,
162443,,
162560,,
162656,,
162839,,
162917,,
163000,,
163049,,
163178,,
163360,,
163502,,
163598,,
163707,,
163789,,
163933,,
164000,,
164012,,
164143,,
164274,,
164325,,
164429,,
164567,,
164669,,
164763,,
164887,,
164996,,
165000,,
165085,,
165192,,
165287,,
165376,,
165461,,
165572,,
165669,,
165733,,
165841,,
165953,,
166000,,
166045,,
166165,,
166282,,
166468,,
166523,,
166621,,
166706,,
166812,,
166886,,
166990,,
167000,,
167106,,
167193,,
167331,,
167459,,
167519,,
167584,,
167673,,
167748,,
167800,,
167876,,
167999,,
168000,,
168137,,
168241,,
168325,,
168408,,
168499,,
168578,,
168676,,
168804,,
168907,,
169000,,
169034,,
169114,,
169303,,
169405,,
169477,,
169573,,
169655,,
169734,,
169868,,
169984,,
170000,479.2017517089844,
170062,,
170163,,
170272,,
170393,,
170523,,
170678,,
170764,,
170877,,
170968,,
171000,,
171051,,
171153,,
171233,,
171307,,
171437,,
171538,,
171609,,
171749,,
171885,,
171977,,
172000,,
172192,,
172301,,
172432,,
172612,,
172672,,
172795,,
172902,,
173000,,
173028,,
173171,,
173265,,
173421,,
173525,,
173699,,
173794,,
173916,,
174000,,
174044,,
174121,,
174238,,
174344,,
174720,,
174849,,
175000,,
175004,,
175096,,
175217,,
175329,,
175455,,
175843,,
175923,,
176000,,
176012,,
176250,,
176334,,
176426,,
176715,,
176844,,
176922,,
177000,,
177101,,
177245,,
177431,,
177608,,
177734,,
177815,,
177952,,
178000,,
178051,,
178125,,
178257,,
178369,,
178455,,
178685,,
178814,,
178938,,
179000,,
179079,,
179171,,
179357,,
179474,,
179602,,
179803,,
179999,,
180000,712.54541015625,
180077,,
180203,,
180309,,
180396,,
180598,,
180707,,
180895,,
181000,,
181059,,
181150,,
181357,,
181489,,
181630,,
181702,,
181776,,
181888,,
182000,,
182005,,
182083,,
182185,,
182254,,
182328,,
182535,,
182624,,
182722,,
182851,,
182931,,
183000,,
183050,,
183140,,
183239,,
183346,,
183504,,
183658,,
183742,,
183865,,
184000,,
184048,,
184147,,
184344,,
184442,,
184529,,
184844,,
184922,,
185000,,
185007,,
185096,,
185181,,
185286,,
185379,,
185515,,
185622,,
185733,,
185845,,
186000,,
186083,,
186149,,
186315,,
186402,,
186495,,
186608,,
186736,,
186816,,
186909,,
187000,,
187056,,
187282,,
187425,,
187519,,
187704,,
187787,,
187902,,
188000,,
188075,,
188149,,
188218,,
188467,,
188562,,
188714,,
188857,,
188937,,
189000,,
189084,,
189183,,
189329,,
189409,,
189533,,
189808,,
189961,,
190000,466.95159912109375,
190050,,
190164,,
190323,,
190456,,
190687,,
190924,,
191000,,
191015,,
191141,,
191233,,
191369,,
191462,,
191576,,
191688,,
191786,,
191873,,
191974,,
192000,,
192079,,
192166,,
192278,,
192350,,
192440,,
192544,,
192629,,
192754,,
193000,,
193003,,
193092,,
193182,,
193353,,
193465,,
193564,,
193750,,
193897,,
194000,,
194028,,
194105,,
194229,,
194309,,
194405,,
194583,,
194777,,
194927,,
195000,,
195028,,
195284,,
195412,,
195500,,
195605,,
195742,,
195866,,
196000,,
196068,,
196180,,
196264,,
196355,,
196491,,
196699,,
196783,,
196887,,
196983,,
197000,,
197067,,
197247,,
197322,,
197440,,
197515,,
197673,,
197742,,
197833,,
197956,,
198000,,
198029,,
198106,,
198215,,
198331,,
198441,,
198545,,
198754,,
199000,,
199068,,
199147,,
199275,,
199391,,
199495,,
199618,,
199695,,
199902,,
200000,746.266845703125,
200022,,
200129,,
200235,,
200399,,
200476,,
200559,,
200642,,
200766,,
200893,,
201000,,
201016,,
201129,,
201234,,
201323,,
201589,,
201678,,
201903,,
202000,,
202013,,
202138,,
202221,,
202388,,
202465,,
202556,,
202633,,
202742,,
202806,,
202941,,
203000,,
203022,,
203138,,
203410,,
203487,,
203613,,
203710,,
203846,,
203972,,
204000,,
204084,,
204271,,
204462,,
204586,,
204763,,
204860,,
204928,,
205000,,
205011,,
205118,,
205201,,
205306,,
205413,,
205783,,
205968,,
206000,,
206112,,
206263,,
206386,,
206486,,
206578,,
206716,,
206798,,
206892,,
206972,,
207000,,
207057,,
207169,,
207328,,
207532,,
207722,,
207884,,
207971,,
208000,,
208083,,
208185,,
208270,,
208454,,
208619,,
208695,,
208802,,
209000,,
209015,,
209126,,
209262,,
209431,,
209537,,
209680,,
209845,,
210000,523.5691528320312,
210085,,
210214,,
210319,,
210459,,
210551,,
210714,,
210962,,
211000,,
211095,,
211195,,
211276,,
211380,,
211641,,
212000,,
212045,,
212146,,
212229,,
212370,,
212541,,
212766,,
212975,,
213000,,
213066,,
213444,,
213692,,
213798,,
213920,,
214000,,
214050,,
214183,,
214280,,
214358,,
214487,,
214676,,
214834,,
214985,,
215000,,
215179,,
215279,,
215430,,
215680,,
215915,,
216000,,
216126,,
216228,,
216331,,
216493,,
216761,,
216890,,
217000,,
217024,,
217238,,
217402,,
217497,,
217577,,
217668,,
217756,,
217843,,
217933,,
218000,,
218036,,
218136,,
218244,,
218374,,
218722,,
218998,,
219000,,
219120,,
219254,,
219387,,
219508,,
219615,,
219723,,
219818,,
219939,,
220000,895.29833984375,
220075,,
220209,,
220322,,
220430,,
220623,,
220699,,
220862,,
220984,,
221000,,
221165,,
221308,,
221511,,
221643,,
221784,,
221918,,
222000,,
222016,,
222155,,
222277,,
222571,,
222808,,
222977,,
223000,,
223108,,
223238,,
223426,,
223697,,
223866,,
223953,,
224000,,
224107,,
224245,,
224399,,
224829,,
225000,,
225460,,
225624,,
225796,,
225953,,
226000,,
226067,,
226184,,
226293,,
226391,,
226542,,
226806,,
226936,,
227000,,
227030,,
227185,,
227277,,
227410,,
227496,,
227633,,
227788,,
227982,,
228000,,
228106,,
228297,,
228402,,
228571,,
228708,,
228967,,
229000,,
229149,,
229234,,
229565,,
229761,,
230000,788.224609375,
230024,,
230171,,
230316,,
230442,,
230806,,
231000,,
231039,,
231333,,
231526,,
231644,,
232000,,
232051,,
232375,,
232471,,
232558,,
232924,,
233000,,
233074,,
233242,,
233362,,
233626,,
233794,,
233915,,
234000,,
234041,,
234152,,
234543,,
234716,,
234843,,
234988,,
235000,,
235104,,
235207,,
235360,,
235651,,
235859,,
236000,,
236005,,
236316,,
236469,,
236570,,
236685,,
236885,,
237000,,
237089,,
237233,,
237340,,
237735,,
237842,,
238000,,
238019,,
238152,,
238371,,
238526,,
238649,,
239000,,
239043,,
239229,,
239362,,
239699,,
239863,,
240000,1009.6502685546875,
240056,,
240487,,
240638,,
240793,,
240951,,
241000,,
241065,,
241240,,
241386,,
241503,,
241634,,
241746,,
241868,,
242000,,
242063,,
242226,,
242421,,
242852,,
243000,,
243012,,
243147,,
243358,,
243472,,
243731,,
243838,,
243957,,
244000,,
244354,,
244542,,
244732,,
245000,,
245041,,
245184,,
245323,,
245669,,
246000,,
246233,,
246395,,
246708,,
247000,,
247021,,
247240,,
247418,,
247655,,
248000,,
248034,,
248152,,
248296,,
248453,,
248614,,
248766,,
248873,,
249000,,
249054,,
249229,,
249372,,
249615,,
249740,,
250000,1357.3580322265625,
250374,,
250731,,
250916,,
251000,,
251053,,
251319,,
251539,,
251848,,
251980,,
252000,,
252144,,
252529,,
252822,,
253000,,
253129,,
253309,,
253450,,
253700,,
254000,,
254013,,
254140,,
254451,,
254659,,
254877,,
255000,,
255016,,
255480,,
255726,,
255891,,
256000,,
256151,,
256372,,
256569,,
256702,,
256922,,
257000,,
257183,,
257342,,
257635,,
257796,,
257922,,
258000,,
258130,,
258460,,
258601,,
258816,,
258963,,
259000,,
259448,,
259561,,
259825,,
260000,1486.0970458984375,
260023,,
260232,,
260434,,
260716,,
260886,,
261000,,
261126,,
261258,,
261661,,
262000,,
262288,,
262521,,
262733,,
262966,,
263000,,
263210,,
263338,,
263604,,
263893,,
264000,,
264098,,
264499,,
264890,,
265000,,
265363,,
265575,,
265786,,
266000,,
266019,,
266383,,
266660,,
266884,,
267000,,
267060,,
267260,,
267472,,
267725,,
267961,,
268000,,
268194,,
268466,,
268926,,
269000,,
269285,,
269536,,
269797,,
269985,,
270000,1162.7471923828125,
270475,,
270857,,
271000,,
271301,,
271614,,
271853,,
271993,,
272000,,
272460,,
272594,,
272745,,
272906,,
273000,,
273074,,
273253,,
273514,,
273679,,
273816,,
274000,,
274083,,
274317,,
274536,,
275000,,
275011,,
275584,,
275814,,
276000,,
276023,,
276216,,
276471,,
276703,,
276941,,
277000,,
277181,,
277554,,
277753,,
278000,,
278021,,
278258,,
278629,,
278783,,
279000,,
279117,,
279430,,
279540,,
279796,,
280000,1959.950927734375,
280305,,
280785,,
280973,,
281000,,
281388,,
281573,,
282000,,
282089,,
282413,,
282619,,
283000,,
283239,,
283794,,
283950,,
284000,,
284189,,
284287,,
284490,,
284673,,
285000,,
285359,,
285565,,
286000,,
286119,,
286347,,
286543,,
286681,,
287000,,
287001,,
287612,,
287796,,
288000,,
288067,,
288633,,
288775,,
288970,,
289000,,
289181,,
289530,,
290000,1510.6923828125,
290153,,
290415,,
290740,,
290882,,
291000,,
291501,,
291752,,
292000,,
292036,,
292459,,
293000,,
293249,,
293522,,
293779,,
293962,,
294000,,
294153,,
294298,,
294570,,
294872,,
295000,,
295160,,
295436,,
295873,,
296000,,
296097,,
296600,,
297000,,
297213,,
297388,,
297857,,
298000,,
298103,,
298361,,
298477,,
298792,,
299000,,
299325,,
299915,,
300000,2013.95263671875,
300397,,
301000,,
301054,,
301194,,
301312,,
301588,,
301810,,
302000,,
302075,,
302385,,
302615,,
302941,,
303000,,
303508,,
303791,,
303926,,
304000,,
304314,,
304735,,
305000,,
305065,,
305193,,
305400,,
305566,,
305848,,
306000,,
306048,,
306232,,
306725,,
306878,,
307000,,
307047,,
307177,,
307329,,
307616,,
307774,,
307900,,
308000,,
308105,,
308523,,
308858,,
309000,,
309530,,
310000,1700.5943603515625,
310193,,
310525,,
311000,,
311056,,
311239,,
311593,,
311778,,
311936,,
312000,,
312192,,
312721,,
312993,,
313000,,
313303,,
313642,,
314000,,
314076,,
314371,,
314670,,
315000,,
315183,,
315616,,
315962,,
316000,,
316258,,
316528,,
316979,,
317000,,
317876,,
318000,,
318218,,
318855,,
319000,,
319122,,
319343,,
319684,,
319992,,
320000,2478.608642578125,
320259,,
321000,,
321259,,
321570,,
321833,,
322000,,
322304,,
322698,,
322919,,
323000,,
323196,,
323528,,
323682,,
323934,,
324000,,
324194,,
324382,,
324604,,
325000,,
325058,,
325207,,
325480,,
325638,,
325963,,
326000,,
326205,,
326695,,
326976,,
327000,,
327148,,
327428,,
327699,,
328000,,
328027,,
328281,,
328451,,
328792,,
329000,,
329218,,
329897,,
330000,1733.593505859375,
330476,,
330680,,
330975,,
331000,,
331066,,
331230,,
331503,,
331895,,
332000,,
332110,,
332397,,
332637,,
332938,,
333000,,
333177,,
333444,,
333782,,
333919,,
334000,,
334142,,
334370,,
334793,,
335000,,
335121,,
335397,,
335643,,
335989,,
336000,,
336274,,
336570,,
336726,,
337000,,
337111,,
337918,,
338000,,
338423,,
339000,,
339394,,
339701,,
340000,2486.15576171875,
340076,,
340379,,
340587,,
340733,,
340868,,
341000,,
341271,,
341776,,
341999,,
342000,,
342563,,
342848,,
343000,,
343250,,
344000,,
344117,,
344360,,
344736,,
345000,,
345054,,
345801,,
346000,,
346752,,
347000,,
347142,,
347738,,
348000,,
348287,,
348826,,
349000,,
349031,,
349590,,
349762,,
349963,,
350000,2246.02197265625,
350161,,
350900,,
351000,,
351218,,
352000,,
352189,,
352454,,
352759,,
353000,,
353399,,
353692,,
354000,,
354245,,
354394,,
354650,,
354984,,
355000,,
355569,,
356000,,
356085,,
356533,,
357000,,
357533,,
357737,,
358000,,
358117,,
358431,,
359000,,
359431,,
360000,1973.212158203125,
360195,,
361000,,
361093,,
361332,,
361615,,
361803,,
362000,,
362155,,
362351,,
362630,,
362861,,
363000,,
363733,,
364000,,
364217,,
364652,,
365000,,
365509,,
365853,,
366000,,
366184,,
366507,,
367000,,
367507,,
368000,,
368007,,
368476,,
368765,,
369000,,
369056,,
369577,,
370000,4256.4423828125,
370577,,
370784,,
371000,,
371784,,
372000,,
372458,,
372650,,
373000,,
373650,,
373912,,
374000,,
374251,,
374456,,
374681,,
375000,,
375646,,
376000,,
376646,,
377000,,
377069,,
377356,,
378000,,
378151,,
378374,,
379000,,
379374,,
379566,,
379779,,
380000,2531.017822265625,
380404,,
380810,,
381000,,
381084,,
381732,,
382000,,
382417,,
383000,,
383218,,
383559,,
383947,,
384000,,
384262,,
385000,,
385262,,
385970,,
386000,,
386174,,
386926,,
387000,,
387445,,
387817,,
388000,,
388206,,
388496,,
388690,,
389000,,
389025,,
389981,,
390000,4000.94384765625,
390352,,
390900,,
391000,,
391481,,
392000,,
392251,,
392647,,
392961,,
393000,,
393455,,
394000,,
394328,,
395000,,
395106,,
395503,,
396000,,
396045,,
397000,,
397045,,
397221,,
397983,,
398000,,
398705,,
399000,,
399705,,
400000,2710.49755859375,
400671,,
401000,,
401240,,
401507,,
401943,,
402000,,
402803,,
403000,,
403216,,
404000,,
404216,,
404602,,
404760,,
405000,,
405760,,
405992,,
406000,,
406992,,
407000,,
407992,,
408000,,
408366,,
408793,,
408978,,
409000,,
409549,,
409769,,
410000,2416.475341796875,
410129,,
411000,,
411129,,
412000,,
412129,,
412483,,
412897,,
413000,,
413897,,
414000,,
414448,,
414760,,
415000,,
415350,,
415759,,
416000,,
416759,,
416897,,
417000,,
417487,,
418000,,
418487,,
419000,,
419192,,
420000,3994.40087890625,
420192,,
421000,,
421192,,
421647,,
421997,,
422000,,
422997,,
423000,,
423619,,
424000,,
424142,,
424581,,
425000,,
425108,,
426000,,
426108,,
426891,,
427000,,
427891,,
428000,,
428891,,
429000,,
429640,,
430000,4616.5986328125,
430640,,
431000,,
431640,,
432000,,
432640,,
433000,,
433132,,
433339,,
434000,,
434019,,
434720,,
435000,,
435359,,
435662,,
436000,,
436662,,
436890,,
437000,,
437582,,
438000,,
438495,,
439000,,
439053,,
439601,,
440000,3729.968994140625,
440601,,
441000,,
441601,,
442000,,
442601,,
443000,,
443601,,
444000,,
444004,,
444317,,
445000,,
445317,,
446000,,
446317,,
447000,,
447115,,
448000,,
448115,,
449000,,
449115,,
449585,,
450000,4201.16650390625,
450035,,
450490,,
451000,,
451490,,
451919,,
452000,,
452735,,
453000,,
453735,,
454000,,
454515,,
455000,,
455388,,
455988,,
456000,,
456988,,
457000,,
457988,,
458000,,
458567,,
459000,,
459210,,
459831,,
460000,3157.921630859375,
460831,,
461000,,
461831,,
462000,,
462831,,
463000,,
463831,,
464000,,
464831,,
465000,,
465831,,
466000,,
466831,,
467000,,
467831,,
468000,,
468831,,
469000,,
469811,,
470000,3118.10595703125,
470074,,
470331,,
471000,,
471121,,
471424,,
472000,,
472424,,
472956,,
473000,,
473907,,
474000,,
474907,,
475000,,
475907,,
476000,,
476907,,
477000,,
477907,,
478000,,
478907,,
479000,,
479907,,
480000,4382.42333984375,
480106,,
480710,,
481000,,
481434,,
481951,,
482000,,
482860,,
483000,,
483454,,
484000,,
484454,,
485000,,
485454,,
486000,,
486454,,
486740,,
487000,,
487430,,
487671,,
488000,,
488671,,
489000,,
489671,,
489972,,
490000,5726.69384765625,
490356,,
491000,,
491356,,
491759,,
492000,,
492759,,
493000,,
493277,,
493774,,
494000,,
494774,,
495000,,
495774,,
496000,,
496774,,
497000,,
497774,,
498000,,
498774,,
499000,,
499076,,
500000,4435.30126953125,
500076,,
501000,,
501076,,
501792,,
502000,,
502792,,
503000,,
503792,,
504000,,
504792,,
505000,,
505548,,
506000,,
506015,,
507000,,
507015,,
508000,,
508015,,
509000,,
509015,,
510000,4992.01708984375,
510015,,
511000,,
511015,,
512000,,
512015,,
512896,,
513000,,
513896,,
514000,,
514896,,
515000,,
515896,,
516000,,
516896,,
517000,,
517896,,
518000,,
518896,,
519000,,
519896,,
520000,3070.943603515625,
520731,,
521000,,
521731,,
521933,,
522000,,
522933,,
523000,,
523933,,
524000,,
524587,,
524908,,
525000,,
525792,,
526000,,
526792,,
527000,,
527792,,
527986,,
528000,,
528986,,
529000,,
529986,,
530000,4003.59765625,
530986,,
531000,,
531986,,
532000,,
532986,,
533000,,
533986,,
534000,,
534264,,
534494,,
535000,,
535494,,
536000,,
536494,,
537000,,
537494,,
538000,,
538494,,
539000,,
539494,,
540000,5396.19189453125,
540339,,
541000,,
541339,,
542000,,
542339,,
543000,,
543339,,
544000,,
544339,,
544803,,
545000,,
545803,,
546000,,
546803,,
546935,,
547000,,
547935,,
548000,,
548935,,
549000,,
549935,,
550000,5018.36767578125,
550631,,
551000,,
551631,,
552000,,
552022,,
553000,,
553022,,
554000,,
554022,,
555000,,
555022,,
556000,,
556022,,
557000,,
557022,,
558000,,
558022,,
559000,,
559022,,
560000,4057.608642578125,
560022,,
561000,,
561022,,
562000,,
562022,,
562756,,
563000,,
563756,,
564000,,
564516,,
565000,,
565516,,
566000,,
566516,,
567000,,
567058,,
568000,,
568058,,
569000,,
569058,,
569992,,
570000,5916.1474609375,
570992,,
571000,,
571992,,
572000,,
572992,,
573000,,
573992,,
574000,,
574992,,
575000,,
575587,,
576000,,
576587,,
577000,,
577587,,
578000,,
578587,,
579000,,
579587,,
580000,3861.188232421875,
580587,,
580849,,
581000,,
581730,,
582000,,
582730,,
583000,,
583730,,
584000,,
584730,,
585000,,
585259,,
586000,,
586259,,
587000,,
587259,,
588000,,
588259,,
589000,,
589259,,
590000,4539.796875,
590259,,
591000,,
591259,,
592000,,
592018,,
593000,,
593018,,
594000,,
594018,,
595000,,
595018,,
595327,,
596000,,
596327,,
597000,,
597327,,
598000,,
598327,,
598511,,
599000,,
599511,,
600000,5404.1767578125,
600511,,
601000,,
601511,,
602000,,
602511,,
603000,,
603511,,
604000,,
604511,,
605000,,
605511,,
606000,,
606511,,
607000,,
607511,,
608000,,
608511,,
609000,,
609511,,
610000,5808.20849609375,
610511,,
611000,,
611511,,
612000,,
612511,,
613000,,
613511,,
614000,,
614511,,
615000,,
615511,,
616000,,
616511,,
617000,,
617511,,
618000,,
618135,,
619000,,
619135,,
620000,4280.7421875,
620135,,
620549,,
621000,,
621549,,
622000,,
622194,,
623000,,
623194,,
624000,,
624022,,
625000,,
625022,,
626000,,
626022,,
627000,,
627022,,
628000,,
628022,,
629000,,
629022,,
630000,5754.1474609375,
630022,,
631000,,
631022,,
632000,,
632022,,
633000,,
633022,,
634000,,
634022,,
634923,,
635000,,
635248,,
636000,,
636125,,
637000,,
637125,,
638000,,
638125,,
638794,,
639000,,
639794,,
640000,5460.02783203125,
640794,,
641000,,
641794,,
642000,,
642470,,
643000,,
643470,,
643751,,
644000,,
644055,,
645000,,
645055,,
646000,,
646055,,
647000,,
647055,,
648000,,
648055,,
649000,,
649055,,
650000,5804.29833984375,
650055,,
651000,,
651055,,
652000,,
652055,,
653000,,
653055,,
654000,,
654055,,
655000,,
655055,,
656000,,
656055,,
657000,,
657055,,
658000,,
658055,,
659000,,
659055,,
660000,4917.85595703125,
660055,,
660320,,
661000,,
661320,,
662000,,
662320,,
662814,,
663000,,
663814,,
664000,,
664814,,
665000,,
665814,,
666000,,
666271,,
667000,,
667271,,
668000,,
668271,,
669000,,
669271,,
669477,,
670000,5553.69482421875,
670477,,
671000,,
671477,,
672000,,
672477,,
673000,,
673477,,
674000,,
674477,,
675000,,
675188,,
676000,,
676188,,
677000,,
677188,,
678000,,
678188,,
679000,,
679188,,
680000,4305.4365234375,
680188,,
680379,,
681000,,
681379,,
682000,,
682379,,
683000,,
683379,,
684000,,
684379,,
685000,,
685379,,
686000,,
686379,,
687000,,
687379,,
688000,,
688379,,
688853,,
689000,,
689853,,
690000,5494.44775390625,
690853,,
691000,,
691236,,
691516,,
692000,,
692516,,
693000,,
693516,,
694000,,
694516,,
695000,,
695516,,
696000,,
696516,,
697000,,
697516,,
698000,,
698427,,
699000,,
699427,,
700000,4307.17529296875,
700427,,
701000,,
701427,,
702000,,
702427,,
703000,,
703427,,
704000,,
704427,,
705000,,
705427,,
706000,,
706427,,
707000,,
707427,,
708000,,
708232,,
709000,,
709232,,
710000,4964.29931640625,
710232,,
711000,,
711232,,
712000,,
712232,,
713000,,
713232,,
713835,,
714000,,
714524,,
715000,,
715524,,
716000,,
716524,,
717000,,
717524,,
718000,,
718524,,
719000,,
719302,,
720000,5112.970703125,
720302,,
720482,,
721000,,
721482,,
722000,,
722482,,
722959,,
723000,,
723959,,
724000,,
724959,,
725000,,
725959,,
726000,,
726959,,
727000,,
727959,,
728000,,
728404,,
729000,,
729236,,
730000,5264.87548828125,
730236,,
731000,,
731236,,
732000,,
732236,,
733000,,
733236,,
734000,,
734236,,
735000,,
735236,,
736000,,
736236,,
737000,,
737236,,
738000,,
738236,,
739000,,
739236,,
740000,4912.34619140625,
740236,,
741000,,
741236,,
742000,,
742236,,
743000,,
743236,,
744000,,
744236,,
745000,,
745236,,
746000,,
746236,,
747000,,
747236,,
748000,,
748236,,
749000,,
749236,,
749938,,
750000,5519.5830078125,
750938,,
751000,,
751386,,
752000,,
752386,,
753000,,
753386,,
754000,,
754386,,
755000,,
755386,,
756000,,
756386,,
757000,,
757386,,
758000,,
758386,,
759000,,
759386,,
760000,6123.0546875,
760386,,
761000,,
761386,,
762000,,
762386,,
763000,,
763386,,
764000,,
764386,,
765000,,
765386,,
766000,,
766386,,
767000,,
767386,,
768000,,
768386,,
769000,,
769198,,
769376,,
770000,5391.80810546875,
770099,,
771000,,
771099,,
772000,,
772099,,
773000,,
773099,,
774000,,
774099,,
774923,,
775000,,
775923,,
776000,,
776923,,
777000,,
777923,,
778000,,
778923,,
779000,,
779923,,
780000,6196.68212890625,
780923,,
781000,,
781923,,
782000,,
782923,,
783000,,
783923,,
784000,,
784923,,
785000,,
785923,,
786000,,
786923,,
787000,,
787923,,
788000,,
788923,,
789000,,
789923,,
790000,5827.21337890625,
790923,,
791000,,
791923,,
792000,,
792923,,
793000,,
793923,,
794000,,
794923,,
795000,,
795923,,
796000,,
796923,,
797000,,
797923,,
798000,,
798923,,
799000,,
799923,,
800000,5634.1689453125,
800923,,
801000,,
801923,,
802000,,
802923,,
803000,,
803923,,
804000,,
804923,,
805000,,
805923,,
806000,,
806923,,
807000,,
807923,,
808000,,
808923,,
809000,,
809923,,
810000,5634.8955078125,
810923,,
811000,,
811923,,
812000,,
812923,,
813000,,
813923,,
814000,,
814923,,
815000,,
815923,,
816000,,
816647,,
817000,,
817647,,
818000,,
818647,,
818807,,
819000,,
819807,,
820000,4478.79638671875,
820807,,
821000,,
821807,,
822000,,
822670,,
823000,,
823670,,
824000,,
824670,,
825000,,
825670,,
826000,,
826670,,
827000,,
827670,,
828000,,
828339,,
828581,,
829000,,
829494,,
830000,5927.78515625,
830494,,
831000,,
831494,,
832000,,
832494,,
833000,,
833394,,
834000,,
834394,,
835000,,
835394,,
836000,,
836394,,
837000,,
837394,,
838000,,
838394,,
838793,,
839000,,
839793,,
840000,5632.50927734375,
840793,,
841000,,
841793,,
842000,,
842793,,
843000,,
843472,,
844000,,
844472,,
845000,,
845472,,
846000,,
846472,,
847000,,
847472,,
848000,,
848472,,
849000,,
849472,,
850000,5699.0107421875,
850472,,
851000,,
851472,,
852000,,
852472,,
852663,,
853000,,
853663,,
854000,,
854663,,
855000,,
855663,,
856000,,
856663,,
857000,,
857663,,
858000,,
858663,,
859000,,
859663,,
860000,5108.4248046875,
860262,,
861000,,
861262,,
862000,,
862262,,
862798,,
863000,,
863798,,
864000,,
864798,,
865000,,
865798,,
866000,,
866798,,
867000,,
867798,,
868000,,
868798,,
869000,,
869798,,
870000,6223.69970703125,
870798,,
871000,,
871798,,
872000,,
872798,,
873000,,
873798,,
874000,,
874798,,
875000,,
875798,,
876000,,
876798,,
877000,,
877798,,
878000,,
878798,,
879000,,
879798,,
880000,6061.02001953125,
880798,,
881000,,
881798,,
882000,,
882798,,
883000,,
883798,,
884000,,
884798,,
885000,,
885798,,
886000,,
886605,,
887000,,
887196,,
888000,,
888120,,
889000,,
889120,,
890000,6160.5,
890120,,
891000,,
891120,,
892000,,
892120,,
893000,,
893120,,
894000,,
894120,,
895000,,
895120,,
895986,,
896000,,
896986,,
897000,,
897701,,
898000,,
898701,,
899000,,
899701,,
900000,5375.51123046875,
900701,,
901000,,
901701,,
902000,,
902701,,
903000,,
903701,,
904000,,
904294,,
905000,,
905294,,
905783,,
906000,,
906783,,
907000,,
907639,,
908000,,
908639,,
909000,,
909163,,
910000,4567.63427734375,
910163,,
911000,,
911163,,
912000,,
912163,,
913000,,
913163,,
914000,,
914042,,
915000,,
915042,,
916000,,
916042,,
917000,,
917042,,
918000,,
918042,,
919000,,
919042,,
919789,,
920000,4531.8701171875,
920789,,
921000,,
921187,,
922000,,
922187,,
923000,,
923187,,
924000,,
924187,,
925000,,
925187,,
926000,,
926187,,
927000,,
927187,,
928000,,
928187,,
929000,,
929187,,
930000,4804.939453125,
930187,,
931000,,
931187,,
932000,,
932187,,
933000,,
933187,,
934000,,
934187,,
934408,,
935000,,
935408,,
936000,,
936408,,
937000,,
937408,,
938000,,
938172,,
939000,,
939172,,
940000,5749.36181640625,
940172,,
941000,,
941172,,
942000,,
942172,,
943000,,
943172,,
944000,,
944172,,
945000,,
945172,,
946000,,
946172,,
946603,,
947000,,
947603,,
948000,,
948603,,
949000,,
949603,,
950000,6209.53173828125,
950603,,
951000,,
951603,,
952000,,
952603,,
953000,,
953603,,
954000,,
954603,,
955000,,
955603,,
956000,,
956603,,
957000,,
957603,,
958000,,
958603,,
959000,,
959603,,
960000,5767.814453125,
960603,,
961000,,
961603,,
961772,,
962000,,
962772,,
963000,,
963772,,
964000,,
964426,,
965000,,
965426,,
966000,,
966426,,
967000,,
967426,,
968000,,
968426,,
969000,,
969426,,
970000,4411.2255859375,
970426,,
971000,,
971426,,
971869,,
972000,,
972869,,
973000,,
973206,,
974000,,
974206,,
975000,,
975206,,
976000,,
976206,,
977000,,
977206,,
978000,,
978206,,
978928,,
979000,,
979809,,
980000,6125.4501953125,
980809,,
981000,,
981439,,
982000,,
982087,,
982416,,
983000,,
983416,,
984000,,
984416,,
985000,,
985416,,
986000,,
986416,,
987000,,
987416,,
988000,,
988416,,
989000,,
989416,,
990000,4968.8857421875,
990416,,
991000,,
991416,,
992000,,
992293,,
993000,,
993293,,
994000,,
994293,,
995000,,
995293,,
995600,,
996000,,
996563,,
997000,,
997132,,
997798,,
998000,,
998242,,
999000,,
999242,,
1000000,5921.82373046875,
1000242,,
1000376,,
1001000,,
1001376,,
1002000,,
1002376,,
1003000,,
1003376,,
1004000,,
1004084,,
1004624,,
1005000,,
1005624,,
1006000,,
1006201,,
1006835,,
1007000,,
1007835,,
1008000,,
1008835,,
1009000,,
1009835,,
1010000,3835.70263671875,
1010340,,
1010844,,
1011000,,
1011844,,
1012000,,
1012844,,
1013000,,
1013332,,
1013989,,
1014000,,
1014989,,
1015000,,
1015989,,
1016000,,
1016224,,
1017000,,
1017224,,
1018000,,
1018224,,
1019000,,
1019224,,
1020000,4514.7666015625,
1020224,,
1021000,,
1021224,,
1022000,,
1022224,,
1023000,,
1023224,,
1023465,,
1024000,,
1024465,,
1025000,,
1025465,,
1026000,,
1026465,,
1027000,,
1027465,,
1028000,,
1028465,,
1029000,,
1029465,,
1030000,5608.62939453125,
1030465,,
1031000,,
1031465,,
1032000,,
1032465,,
1033000,,
1033465,,
1033798,,
1034000,,
1034798,,
1035000,,
1035798,,
1036000,,
1036798,,
1037000,,
1037798,,
1038000,,
1038798,,
1038926,,
1039000,,
1039475,,
1040000,5612.69287109375,
1040475,,
1041000,,
1041475,,
1042000,,
1042475,,
1043000,,
1043475,,
1044000,,
1044475,,
1045000,,
1045475,,
1046000,,
1046475,,
1047000,,
1047475,,
1048000,,
1048475,,
1049000,,
1049257,,
1050000,6215.5390625,
1050257,,
1051000,,
1051257,,
1052000,,
1052067,,
1053000,,
1053067,,
1054000,,
1054067,,
1055000,,
1055067,,
1055644,,
1056000,,
1056644,,
1057000,,
1057644,,
1058000,,
1058644,,
1059000,,
1059517,,
1060000,6030.25537109375,
1060168,,
1061000,,
1061168,,
1062000,,
1062168,,
1063000,,
1063168,,
1064000,,
1064168,,
1065000,,
1065168,,
1066000,,
1066168,,
1067000,,
1067168,,
1068000,,
1068168,,
1069000,,
1069168,,
1069782,,
1070000,6310.29541015625,
1070782,,
1071000,,
1071782,,
1072000,,
1072017,,
1073000,,
1073017,,
1074000,,
1074017,,
1074463,,
1074763,,
1075000,,
1075763,,
1076000,,
1076763,,
1077000,,
1077763,,
1078000,,
1078763,,
1079000,,
1079763,,
1080000,5737.06201171875,
1080763,,
1081000,,
1081514,,
1082000,,
1082514,,
1083000,,
1083514,,
1084000,,
1084514,,
1085000,,
1085514,,
1086000,,
1086514,,
1087000,,
1087514,,
1088000,,
1088514,,
1089000,,
1089514,,
1090000,5408.986328125,
1090514,,
1091000,,
1091514,,
1091931,,
1092000,,
1092767,,
1093000,,
1093598,,
1094000,,
1094598,,
1095000,,
1095598,,
1096000,,
1096598,,
1097000,,
1097598,,
1098000,,
1098598,,
1099000,,
1099598,,
1100000,5937.82080078125,
1100598,,
1101000,,
1101598,,
1102000,,
1102598,,
1103000,,
1103598,,
1104000,,
1104598,,
1105000,,
1105598,,
1106000,,
1106598,,
1107000,,
1107598,,
1108000,,
1108598,,
1109000,,
1109598,,
1110000,5514.51611328125,
1110598,,
1111000,,
1111598,,
1112000,,
1112021,,
1113000,,
1113021,,
1114000,,
1114021,,
1115000,,
1115021,,
1116000,,
1116021,,
1117000,,
1117021,,
1118000,,
1118021,,
1119000,,
1119021,,
1120000,5991.87255859375,
1120021,,
1121000,,
1121021,,
1122000,,
1122021,,
1123000,,
1123021,,
1124000,,
1124021,,
1124559,,
1125000,,
1125514,,
1126000,,
1126514,,
1127000,,
1127514,,
1128000,,
1128514,,
1129000,,
1129514,,
1130000,5736.23828125,
1130514,,
1131000,,
1131514,,
1132000,,
1132514,,
1133000,,
1133514,,
1134000,,
1134514,,
1135000,,
1135514,,
1136000,,
1136088,,
1137000,,
1137088,,
1138000,,
1138088,,
1138973,,
1139000,,
1139973,,
1140000,5513.2529296875,
1140973,,
1141000,,
1141973,,
1142000,,
1142973,,
1143000,,
1143973,,
1144000,,
1144973,,
1145000,,
1145973,,
1146000,,
1146973,,
1147000,,
1147924,,
1148000,,
1148370,,
1149000,,
1149370,,
1150000,5668.93408203125,
1150370,,
1151000,,
1151370,,
1151731,,
1151951,,
1152000,,
1152951,,
1153000,,
1153377,,
1154000,,
1154377,,
1154843,,
1155000,,
1155843,,
1156000,,
1156064,,
1156890,,
1157000,,
1157105,,
1158000,,
1158105,,
1159000,,
1159105,,
1160000,5292.14599609375,
1160105,,
1161000,,
1161105,,
1162000,,
1162105,,
1163000,,
1163105,,
1164000,,
1164105,,
1165000,,
1165105,,
1166000,,
1166105,,
1166512,,
1167000,,
1167512,,
1168000,,
1168512,,
1169000,,
1169512,,
1170000,4858.29052734375,
1170509,,
1171000,,
1171509,,
1171846,,
1172000,,
1172846,,
1173000,,
1173846,,
1174000,,
1174600,,
1175000,,
1175320,,
1176000,,
1176320,,
1177000,,
1177320,,
1178000,,
1178320,,
1179000,,
1179250,,
1180000,5171.1162109375,
1180247,,
1181000,,
1181247,,
1182000,,
1182247,,
1183000,,
1183247,,
1184000,,
1184247,,
1185000,,
1185247,,
1186000,,
1186137,,
1187000,,
1187137,,
1187622,,
1188000,,
1188622,,
1189000,,
1189148,,
1190000,5825.5029296875,
1190148,,
1191000,,
1191148,,
1192000,,
1192148,,
1193000,,
1193068,,
1194000,,
1194068,,
1194549,,
1195000,,
1195549,,
1196000,,
1196135,,
1197000,,
1197135,,
1198000,,
1198135,,
1199000,,
1199135,,
1200000,5160.0068359375,
1200135,,
1201000,,
1201135,,
1202000,,
1202135,,
1203000,,
1203135,,
1204000,,
1204135,,
1204928,,
1205000,,
1205816,,
1206000,,
1206816,,
1207000,,
1207816,,
1208000,,
1208816,,
1209000,,
1209648,,
1210000,4999.9990234375,
1210648,,
1211000,,
1211338,,
1212000,,
1212086,,
1213000,,
1213086,,
1214000,,
1214086,,
1214604,,
1215000,,
1215604,,
1216000,,
1216006,,
1217000,,
1217006,,
1217615,,
1218000,,
1218615,,
1219000,,
1219615,,
1220000,4854.5849609375,
1220615,,
1221000,,
1221118,,
1222000,,
1222118,,
1222438,,
1223000,,
1223260,,
1223856,,
1224000,,
1224856,,
1225000,,
1225856,,
1226000,,
1226856,,
1227000,,
1227856,,
1228000,,
1228856,,
1229000,,
1229262,,
1230000,6217.1591796875,
1230202,,
1231000,,
1231202,,
1231910,,
1232000,,
1232448,,
1233000,,
1233448,,
1234000,,
1234448,,
1235000,,
1235183,,
1236000,,
1236183,,
1237000,,
1237183,,
1238000,,
1238183,,
1238679,,
1238882,,
1239000,,
1239782,,
1240000,6377.78369140625,
1240782,,
1240897,,
1241000,,
1241181,,
1241614,,
1241821,,
1242000,,
1242821,,
1243000,,
1243821,,
1244000,,
1244821,,
1245000,,
1245821,,
1246000,,
1246254,,
1247000,,
1247254,,
1247418,,
1247973,,
1248000,,
1248200,,
1248511,,
1249000,,
1249060,,
1249497,,
1249823,,
1250000,5244.80029296875,
1250520,,
1251000,,
1251520,,
1252000,,
1252520,,
1252668,,
1253000,,
1253668,,
1254000,,
1254668,,
1255000,,
1255668,,
1256000,,
1256668,,
1257000,,
1257668,,
1258000,,
1258668,,
1259000,,
1259668,,
1259836,,
1260000,5936.375,
1260836,,
1261000,,
1261086,,
1262000,,
1262086,,
1263000,,
1263086,,
1264000,,
1264086,,
1264250,,
1264705,,
1265000,,
1265705,,
1266000,,
1266423,,
1267000,,
1267423,,
1268000,,
1268423,,
1268822,,
1269000,,
1269822,,
1270000,4827.9208984375,
1270822,,
1271000,,
1271822,,
1272000,,
1272039,,
1272860,,
1273000,,
1273860,,
1274000,,
1274860,,
1275000,,
1275437,,
1276000,,
1276437,,
1276574,,
1277000,,
1277040,,
1278000,,
1278040,,
1279000,,
1279040,,
1280000,4596.58154296875,
1280740,,
1281000,,
1281326,,
1281548,,
1282000,,
1282548,,
1283000,,
1283548,,
1284000,,
1284548,,
1285000,,
1285548,,
1286000,,
1286548,,
1287000,,
1287548,,
1288000,,
1288172,,
1288340,,
1288609,,
1289000,,
1289609,,
1289927,,
1290000,5270.95703125,
1290029,,
1291000,,
1291029,,
1291264,,
1291432,,
1292000,,
1292432,,
1293000,,
1293432,,
1294000,,
1294432,,
1294709,,
1295000,,
1295518,,
1296000,,
1296234,,
1296568,,
1297000,,
1297568,,
1298000,,
1298568,,
1298719,,
1299000,,
1299719,,
1300000,4627.27587890625,
1300719,,
1301000,,
1301528,,
1302000,,
1302528,,
1303000,,
1303528,,
1304000,,
1304528,,
1305000,,
1305190,,
1306000,,
1306731,,
1307000,,
1307731,,
1308000,,
1308582,,
1309000,,
1309582,,
1309860,,
1310000,4425.82421875,
1310860,,
1311000,,
1311053,,
1312000,,
1312053,,
1312830,,
1313000,,
1313508,,
1314000,,
1314508,,
1315000,,
1315508,,
1315749,,
1316000,,
1316749,,
1316873,,
1317000,,
1317873,,
1318000,,
1318873,,
1319000,,
1319873,,
1320000,5288.59521484375,
1320411,,
1320659,,
1321000,,
1321659,,
1322000,,
1322659,,
1323000,,
1323659,,
1323854,,
1324000,,
1324648,,
1324874,,
1325000,,
1325488,,
1326000,,
1326046,,
1327000,,
1327046,,
1327357,,
1328000,,
1328117,,
1329000,,
1329117,,
1329474,,
1329564,,
1330000,2872.591552734375,
1330178,,
1330759,,
1331000,,
1331130,,
1331580,,
1332000,,
1332580,,
1333000,,
1333580,,
1333974,,
1334000,,
1334196,,
1335000,,
1335196,,
1335388,,
1335870,,
1336000,,
1336870,,
1337000,,
1337829,,
1338000,,
1338004,,
1338209,,
1338661,,
1339000,,
1339102,,
1339386,,
1340000,2367.385498046875,
1340065,,
1341000,,
1341065,,
1341251,,
1341565,,
1341693,,
1342000,,
1342171,,
1343000,,
1343028,,
1344000,,
1344028,,
1345000,,
1345028,,
1345406,,
1346000,,
1346406,,
1346754,,
1347000,,
1347255,,
1347486,,
1348000,,
1348486,,
1349000,,
1349486,,
1350000,3458.06005859375,
1350255,,
1351000,,
1351147,,
1352000,,
1352147,,
1353000,,
1353147,,
1354000,,
1354147,,
1354684,,
1355000,,
1355684,,
1356000,,
1356684,,
1357000,,
1357684,,
1358000,,
1358684,,
1358896,,
1359000,,
1359418,,
1360000,3916.87548828125,
1360418,,
1361000,,
1361121,,
1361480,,
1361622,,
1362000,,
1362484,,
1362718,,
1363000,,
1363718,,
1364000,,
1364718,,
1365000,,
1365045,,
1366000,,
1366045,,
1367000,,
1367045,,
1367596,,
1368000,,
1368153,,
1369000,,
1369153,,
1370000,3750.547607421875,
1370153,,
1371000,,
1371153,,
1371393,,
1372000,,
1372339,,
1373000,,
1373339,,
1373725,,
1374000,,
1374020,,
1374462,,
1375000,,
1375462,,
1375842,,
1376000,,
1376206,,
1377000,,
1377206,,
1377291,,
1378000,,
1378291,,
1379000,,
1379151,,
1380000,5191.18359375,
1380151,,
1380222,,
1380457,,
1381000,,
1381457,,
1381964,,
1382000,,
1382964,,
1383000,,
1383964,,
1384000,,
1384847,,
1385000,,
1385847,,
1386000,,
1386847,,
1387000,,
1387847,,
1387963,,
1388000,,
1388896,,
1389000,,
1389896,,
1390000,4589.42236328125,
1390896,,
1391000,,
1391515,,
1392000,,
1392515,,
1393000,,
1393515,,
1394000,,
1394365,,
1395000,,
1395365,,
1396000,,
1396365,,
1397000,,
1397365,,
1397598,,
1398000,,
1398598,,
1399000,,
1399598,,
1400000,6057.96142578125,
1400598,,
1401000,,
1401087,,
1402000,,
1402006,,
1403000,,
1403006,,
1403524,,
1404000,,
1404524,,
1405000,,
1405524,,
1405904,,
1406000,,
1406904,,
1407000,,
1407904,,
1408000,,
1408715,,
1409000,,
1409715,,
1410000,5196.68310546875,
1410715,,
1411000,,
1411596,,
1412000,,
1412596,,
1413000,,
1413596,,
1413954,,
1414000,,
1414620,,
1415000,,
1415620,,
1416000,,
1416620,,
1417000,,
1417620,,
1418000,,
1418620,,
1419000,,
1419620,,
1420000,5242.0029296875,
1420620,,
1421000,,
1421620,,
1422000,,
1422620,,
1423000,,
1423143,,
1424000,,
1424143,,
1425000,,
1425143,,
1426000,,
1426143,,
1427000,,
1427078,,
1428000,,
1428078,,
1429000,,
1429078,,
1430000,5010.97021484375,
1430078,,
1431000,,
1431078,,
1432000,,
1432078,,
1433000,,
1433078,,
1434000,,
1434078,,
1435000,,
1435078,,
1436000,,
1436078,,
1437000,,
1437078,,
1438000,,
1438078,,
1439000,,
1439078,,
1440000,5740.75830078125,
1440078,,
1441000,,
1441078,,
1442000,,
1442078,,
1443000,,
1443078,,
1444000,,
1444078,,
1445000,,
1445078,,
1446000,,
1446078,,
1447000,,
1447078,,
1448000,,
1448078,,
1449000,,
1449078,,
1450000,4760.2021484375,
1450078,,
1451000,,
1451078,,
1452000,,
1452078,,
1452785,,
1453000,,
1453316,,
1453914,,
1454000,,
1454914,,
1455000,,
1455914,,
1455977,,
1456000,,
1456977,,
1457000,,
1457977,,
1458000,,
1458361,,
1459000,,
1459361,,
1460000,5753.41357421875,
1460361,,
1461000,,
1461361,,
1462000,,
1462361,,
1463000,,
1463097,,
1464000,,
1464097,,
1464888,,
1465000,,
1465888,,
1466000,,
1466888,,
1467000,,
1467888,,
1468000,,
1468888,,
1469000,,
1469888,,
1470000,6002.42822265625,
1470073,,
1471000,,
1471073,,
1472000,,
1472073,,
1472525,,
1473000,,
1473525,,
1474000,,
1474525,,
1475000,,
1475525,,
1476000,,
1476116,,
1476460,,
1477000,,
1477438,,
1478000,,
1478438,,
1479000,,
1479438,,
1480000,5060.41650390625,
1480177,,
1480498,,
1481000,,
1481498,,
1482000,,
1482498,,
1483000,,
1483498,,
1484000,,
1484498,,
1485000,,
1485498,,
1486000,,
1486498,,
1487000,,
1487498,,
1488000,,
1488498,,
1489000,,
1489498,,
1490000,5604.83056640625,
1490498,,
1491000,,
1491498,,
1492000,,
1492498,,
1492932,,
1493000,,
1493932,,
1494000,,
1494932,,
1495000,,
1495932,,
1496000,,
1496932,,
1497000,,
1497646,,
1498000,,
1498646,,
1499000,,
1499646,,
1500000,4683.4443359375,
1500604,,
1501000,,
1501604,,
1502000,,
1502604,,
1503000,,
1503604,,
1504000,,
1504604,,
1505000,,
1505604,,
1506000,,
1506604,,
1507000,,
1507287,,
1507440,,
1508000,,
1508440,,
1509000,,
1509440,,
1510000,4912.42333984375,
1510440,,
1511000,,
1511440,,
1512000,,
1512440,,
1513000,,
1513440,,
1514000,,
1514440,,
1515000,,
1515440,,
1516000,,
1516440,,
1517000,,
1517440,,
1518000,,
1518440,,
1518558,,
1519000,,
1519558,,
1520000,6192.8427734375,
1520558,,
1521000,,
1521558,,
1522000,,
1522558,,
1523000,,
1523558,,
1524000,,
1524558,,
1524932,,
1525000,,
1525665,,
1526000,,
1526665,,
1527000,,
1527665,,
1528000,,
1528665,,
1529000,,
1529665,,
1530000,5906.4345703125,
1530665,,
1531000,,
1531665,,
1532000,,
1532143,,
1533000,,
1533143,,
1534000,,
1534143,,
1535000,,
1535143,,
1535625,,
1536000,,
1536625,,
1537000,,
1537625,,
1538000,,
1538625,,
1539000,,
1539625,,
1540000,5721.0166015625,
1540030,,
1541000,,
1541030,,
1542000,,
1542030,,
1543000,,
1543030,,
1544000,,
1544030,,
1545000,,
1545030,,
1546000,,
1546030,,
1547000,,
1547030,,
1548000,,
1548030,,
1548620,,
1549000,,
1549620,,
1550000,5661.86279296875,
1550620,,
1551000,,
1551620,,
1552000,,
1552620,,
1553000,,
1553503,,
1553664,,
1553850,,
1554000,,
1554850,,
1555000,,
1555850,,
1556000,,
1556850,,
1557000,,
1557850,,
1558000,,
1558850,,
1559000,,
1559850,,
1560000,6171.1474609375,
1560850,,
1561000,,
1561850,,
1562000,,
1562850,,
1563000,,
1563850,,
1564000,,
1564850,,
1565000,,
1565464,,
1565587,,
1566000,,
1566587,,
1567000,,
1567414,,
1568000,,
1568414,,
1569000,,
1569414,,
1570000,6234.365234375,
1570414,,
1571000,,
1571085,,
1572000,,
1572085,,
1573000,,
1573085,,
1574000,,
1574085,,
1575000,,
1575085,,
1576000,,
1576085,,
1577000,,
1577085,,
1578000,,
1578085,,
1579000,,
1579085,,
1580000,6091.84619140625,
1580085,,
1581000,,
1581085,,
1582000,,
1582085,,
1583000,,
1583085,,
1583680,,
1584000,,
1584680,,
1585000,,
1585680,,
1586000,,
1586680,,
1587000,,
1587680,,
1588000,,
1588680,,
1589000,,
1589680,,
1590000,5211.49169921875,
1590680,,
1591000,,
1591680,,
1592000,,
1592680,,
1593000,,
1593680,,
1594000,,
1594680,,
1595000,,
1595680,,
1596000,,
1596680,,
1597000,,
1597646,,
1598000,,
1598646,,
1599000,,
1599646,,
1600000,5999.78271484375,
1600646,,
1601000,,
1601646,,
1602000,,
1602646,,
1602912,,
1603000,,
1603912,,
1604000,,
1604912,,
1605000,,
1605912,,
1606000,,
1606912,,
1607000,,
1607912,,
1608000,,
1608512,,
1609000,,
1609512,,
1610000,4155.7158203125,
1610512,,
1611000,,
1611512,,
1612000,,
1612512,,
1613000,,
1613512,,
1613908,,
1614000,,
1614908,,
1615000,,
1615908,,
1616000,,
1616908,,
1617000,,
1617908,,
1618000,,
1618908,,
1619000,,
1619908,,
1620000,6359.072265625,
1620908,,
1621000,,
1621908,,
1622000,,
1622908,,
1623000,,
1623908,,
1624000,,
1624908,,
1625000,,
1625908,,
1626000,,
1626908,,
1627000,,
1627908,,
1628000,,
1628908,,
1629000,,
1629908,,
1630000,6284.62353515625,
1630908,,
1631000,,
1631908,,
1632000,,
1632471,,
1633000,,
1633471,,
1634000,,
1634439,,
1635000,,
1635439,,
1636000,,
1636439,,
1637000,,
1637439,,
1638000,,
1638384,,
1638758,,
1639000,,
1639689,,
1640000,5337.7333984375,
1640689,,
1641000,,
1641689,,
1642000,,
1642689,,
1643000,,
1643689,,
1644000,,
1644689,,
1645000,,
1645689,,
1646000,,
1646689,,
1647000,,
1647689,,
1648000,,
1648689,,
1649000,,
1649689,,
1650000,6214.45703125,
1650689,,
1651000,,
1651689,,
1652000,,
1652689,,
1653000,,
1653689,,
1654000,,
1654689,,
1655000,,
1655689,,
1656000,,
1656689,,
1657000,,
1657689,,
1658000,,
1658689,,
1659000,,
1659689,,
1660000,6338.65478515625,
1660689,,
1661000,,
1661689,,
1662000,,
1662689,,
1663000,,
1663689,,
1664000,,
1664689,,
1665000,,
1665689,,
1666000,,
1666689,,
1667000,,
1667689,,
1668000,,
1668689,,
1669000,,
1669689,,
1670000,6319.38134765625,
1670689,,
1671000,,
1671689,,
1672000,,
1672689,,
1673000,,
1673689,,
1674000,,
1674689,,
1675000,,
1675689,,
1676000,,
1676689,,
1677000,,
1677396,,
1678000,,
1678396,,
1679000,,
1679396,,
1680000,6397.74658203125,
1680396,,
1681000,,
1681396,,
1682000,,
1682396,,
1683000,,
1683396,,
1684000,,
1684396,,
1685000,,
1685396,,
1686000,,
1686396,,
1687000,,
1687396,,
1688000,,
1688396,,
1689000,,
1689396,,
1690000,6051.75390625,
1690396,,
1691000,,
1691396,,
1692000,,
1692396,,
1693000,,
1693396,,
1694000,,
1694396,,
1695000,,
1695396,,
1696000,,
1696396,,
1697000,,
1697396,,
1698000,,
1698396,,
1699000,,
1699396,,
1700000,6329.3359375,
1700396,,
1701000,,
1701396,,
1702000,,
1702396,,
1702490,,
1703000,,
1703490,,
1704000,,
1704490,,
1705000,,
1705490,,
1706000,,
1706490,,
1707000,,
1707490,,
1708000,,
1708490,,
1709000,,
1709490,,
1710000,6387.478515625,
1710490,,
1711000,,
1711490,,
1712000,,
1712360,,
1713000,,
1713360,,
1714000,,
1714360,,
1715000,,
1715360,,
1716000,,
1716360,,
1717000,,
1717360,,
1718000,,
1718360,,
1719000,,
1719360,,
1720000,6383.63134765625,
1720360,,
1721000,,
1721360,,
1722000,,
1722360,,
1723000,,
1723360,,
1724000,,
1724360,,
1725000,,
1725360,,
1726000,,
1726360,,
1727000,,
1727360,,
1728000,,
1728360,,
1729000,,
1729360,,
1730000,6244.69970703125,
1730360,,
1731000,,
1731360,,
1732000,,
1732360,,
1733000,,
1733360,,
1734000,,
1734360,,
1735000,,
1735360,,
1736000,,
1736360,,
1737000,,
1737360,,
1738000,,
1738360,,
1739000,,
1739360,,
1740000,5808.52392578125,
1740360,,
1741000,,
1741360,,
1742000,,
1742360,,
1743000,,
1743360,,
1744000,,
1744050,,
1745000,,
1745050,,
1746000,,
1746050,,
1747000,,
1747050,,
1747515,,
1748000,,
1748515,,
1749000,,
1749515,,
1750000,6320.62939453125,
1750515,,
1751000,,
1751515,,
1752000,,
1752515,,
1753000,,
1753515,,
1754000,,
1754515,,
1755000,,
1755515,,
1756000,,
1756515,,
1757000,,
1757515,,
1758000,,
1758515,,
1759000,,
1759515,,
1760000,6396.50244140625,
1760515,,
1761000,,
1761515,,
1762000,,
1762515,,
1763000,,
1763515,,
1764000,,
1764515,,
1764841,,
1765000,,
1765841,,
1766000,,
1766841,,
1767000,,
1767841,,
1768000,,
1768841,,
1769000,,
1769841,,
1770000,6190.01416015625,
1770841,,
1771000,,
1771841,,
1772000,,
1772841,,
1773000,,
1773841,,
1774000,,
1774841,,
1775000,,
1775209,,
1776000,,
1776209,,
1777000,,
1777209,,
1778000,,
1778209,,
1778361,,
1779000,,
1779361,,
1780000,6084.84765625,
1780361,,
1781000,,
1781361,,
1782000,,
1782361,,
1783000,,
1783361,,
1784000,,
1784361,,
1785000,,
1785361,,
1786000,,
1786361,,
1787000,,
1787361,,
1788000,,
1788200,,
1789000,,
1789200,,
1790000,6261.20263671875,
1790200,,
1791000,,
1791200,,
1792000,,
1792200,,
1793000,,
1793200,,
1794000,,
1794200,,
1795000,,
1795200,,
1796000,,
1796200,,
1797000,,
1797200,,
1798000,,
1798200,,
1799000,,
1799200,,
1800000,6353.748046875,
1800200,,
1801000,,
1801200,,
1802000,,
1802200,,
1803000,,
1803200,,
1804000,,
1804200,,
1805000,,
1805200,,
1806000,,
1806200,,
1807000,,
1807200,,
1808000,,
1808200,,
1809000,,
1809200,,
1810000,6363.09423828125,
1810079,,
1811000,,
1811079,,
1812000,,
1812079,,
1813000,,
1813079,,
1814000,,
1814079,,
1815000,,
1815079,,
1816000,,
1816079,,
1817000,,
1817079,,
1818000,,
1818079,,
1819000,,
1819079,,
1820000,6203.69580078125,
1820079,,
1821000,,
1821079,,
1822000,,
1822079,,
1823000,,
1823079,,
1824000,,
1824079,,
1825000,,
1825079,,
1826000,,
1826079,,
1827000,,
1827079,,
1828000,,
1828079,,
1829000,,
1829079,,
1830000,6366.33154296875,
1830079,,
1831000,,
1831079,,
1832000,,
1832079,,
1833000,,
1833079,,
1834000,,
1834079,,
1834298,,
1835000,,
1835298,,
1836000,,
1836298,,
1837000,,
1837298,,
1838000,,
1838298,,
1839000,,
1839298,,
1840000,6467.3046875,
1840298,,
1841000,,
1841298,,
1842000,,
1842298,,
1842420,,
1843000,,
1843420,,
1844000,,
1844420,,
1845000,,
1845420,,
1846000,,
1846420,,
1847000,,
1847420,,
1848000,,
1848420,,
1849000,,
1849420,,
1850000,6467.3134765625,
1850420,,
1851000,,
1851420,,
1852000,,
1852420,,
1853000,,
1853420,,
1854000,,
1854420,,
1855000,,
1855420,,
1856000,,
1856420,,
1857000,,
1857420,,
1858000,,
1858420,,
1859000,,
1859420,,
1860000,5589.4736328125,
1860420,,
1861000,,
1861420,,
1862000,,
1862420,,
1863000,,
1863420,,
1864000,,
1864420,,
1865000,,
1865420,,
1866000,,
1866420,,
1867000,,
1867420,,
1868000,,
1868420,,
1869000,,
1869420,,
1870000,6552.32568359375,
1870420,,
1871000,,
1871420,,
1872000,,
1872420,,
1873000,,
1873420,,
1874000,,
1874420,,
1874598,,
1875000,,
1875598,,
1876000,,
1876598,,
1877000,,
1877598,,
1878000,,
1878598,,
1879000,,
1879598,,
1880000,6310.888671875,
1880598,,
1881000,,
1881598,,
1882000,,
1882598,,
1883000,,
1883598,,
1884000,,
1884309,,
1884562,,
1885000,,
1885562,,
1886000,,
1886562,,
1887000,,
1887562,,
1888000,,
1888562,,
1888743,,
1889000,,
1889743,,
1890000,5540.36328125,
1890743,,
1891000,,
1891743,,
1892000,,
1892058,,
1893000,,
1893058,,
1893186,,
1893341,,
1894000,,
1894341,,
1895000,,
1895341,,
1896000,,
1896341,,
1897000,,
1897341,,
1898000,,
1898341,,
1899000,,
1899341,,
1899499,,
1900000,5839.65625,
1900499,,
1901000,,
1901499,,
1902000,,
1902026,,
1903000,,
1903026,,
1904000,,
1904026,,
1904914,,
1905000,,
1905914,,
1906000,,
1906914,,
1907000,,
1907914,,
1908000,,
1908914,,
1909000,,
1909914,,
1910000,6219.9169921875,
1910914,,
1911000,,
1911914,,
1912000,,
1912914,,
1913000,,
1913914,,
1914000,,
1914914,,
1915000,,
1915914,,
1916000,,
1916914,,
1917000,,
1917037,,
1918000,,
1918037,,
1919000,,
1919037,,
1920000,6416.0517578125,
1920037,,
1921000,,
1921037,,
1922000,,
1922037,,
1923000,,
1923037,,
1924000,,
1924037,,
1925000,,
1925037,,
1925294,,
1926000,,
1926294,,
1927000,,
1927294,,
1928000,,
1928294,,
1929000,,
1929294,,
1929448,,
1930000,5264.0693359375,
1930448,,
1931000,,
1931448,,
1932000,,
1932448,,
1933000,,
1933448,,
1934000,,
1934448,,
1935000,,
1935448,,
1936000,,
1936448,,
1937000,,
1937448,,
1938000,,
1938448,,
1939000,,
1939448,,
1940000,6451.267578125,
1940448,,
1941000,,
1941448,,
1942000,,
1942448,,
1943000,,
1943448,,
1944000,,
1944448,,
1945000,,
1945448,,
1946000,,
1946448,,
1947000,,
1947448,,
1948000,,
1948448,,
1949000,,
1949448,,
1950000,6566.4453125,
1950448,,
1951000,,
1951448,,
1952000,,
1952448,,
1953000,,
1953448,,
1953578,,
1954000,,
1954578,,
1955000,,
1955578,,
1956000,,
1956578,,
1957000,,
1957578,,
1958000,,
1958578,,
1959000,,
1959578,,
1960000,4655.27197265625,
1960578,,
1961000,,
1961578,,
1962000,,
1962578,,
1963000,,
1963578,,
1964000,,
1964578,,
1965000,,
1965578,,
1966000,,
1966578,,
1967000,,
1967578,,
1968000,,
1968578,,
1969000,,
1969578,,
1970000,6071.859375,
1970578,,
1971000,,
1971578,,
1972000,,
1972578,,
1973000,,
1973578,,
1974000,,
1974578,,
1974688,,
1975000,,
1975688,,
1976000,,
1976688,,
1977000,,
1977688,,
1978000,,
1978688,,
1979000,,
1979688,,
1980000,6198.44189453125,
1980688,,
1981000,,
1981688,,
1982000,,
1982688,,
1983000,,
1983688,,
1984000,,
1984688,,
1985000,,
1985688,,
1986000,,
1986688,,
1987000,,
1987688,,
1988000,,
1988688,,
1989000,,
1989688,,
1990000,6382.6015625,
1990688,,
1991000,,
1991688,,
1992000,,
1992688,,
1993000,,
1993688,,
1994000,,
1994688,,
1995000,,
1995688,,
1996000,,
1996688,,
1997000,,
1997688,,
1998000,,
1998027,,
1999000,,
1999027,,
2000000,4713.3330078125,
2000027,,
2001000,,
2001027,,
2002000,,
2002027,,
2003000,,
2003027,,
2004000,,
2004027,,
2005000,,
2005027,,
2006000,,
2006027,,
2007000,,
2007027,,
2007800,,
2008000,,
2008800,,
2009000,,
2009800,,
2010000,6475.14453125,
2010800,,
2011000,,
2011800,,
2012000,,
2012800,,
2013000,,
2013800,,
2014000,,
2014800,,
2015000,,
2015800,,
2016000,,
2016800,,
2017000,,
2017800,,
2018000,,
2018800,,
2019000,,
2019800,,
2020000,6526.068359375,
2020800,,
2021000,,
2021800,,
2022000,,
2022800,,
2023000,,
2023800,,
2024000,,
2024800,,
2025000,,
2025800,,
2026000,,
2026800,,
2027000,,
2027800,,
2028000,,
2028800,,
2029000,,
2029349,,
2030000,6268.8115234375,
2030080,,
2030937,,
2031000,,
2031937,,
2032000,,
2032937,,
2033000,,
2033937,,
2034000,,
2034937,,
2035000,,
2035937,,
2036000,,
2036937,,
2037000,,
2037035,,
2038000,,
2038035,,
2039000,,
2039035,,
2040000,5806.76513671875,
2040035,,
2041000,,
2041035,,
2042000,,
2042035,,
2043000,,
2043035,,
2044000,,
2044035,,
2045000,,
2045035,,
2046000,,
2046035,,
2047000,,
2047035,,
2048000,,
2048035,,
2049000,,
2049035,,
2050000,6077.95849609375,
2050035,,
2051000,,
2051035,,
2052000,,
2052035,,
2053000,,
2053035,,
2054000,,
2054035,,
2055000,,
2055035,,
2056000,,
2056035,,
2057000,,
2057035,,
2057994,,
2058000,,
2058994,,
2059000,,
2059980,,
2060000,6034.4521484375,
2060980,,
2061000,,
2061980,,
2062000,,
2062980,,
2063000,,
2063980,,
2064000,,
2064980,,
2065000,,
2065980,,
2066000,,
2066980,,
2067000,,
2067980,,
2068000,,
2068092,,
2069000,,
2069092,,
2070000,6613.37158203125,
2070092,,
2071000,,
2071092,,
2072000,,
2072092,,
2073000,,
2073092,,
2074000,,
2074092,,
2075000,,
2075092,,
2076000,,
2076092,,
2077000,,
2077092,,
2078000,,
2078092,,
2079000,,
2079092,,
2080000,6246.87451171875,
2080092,,
2081000,,
2081092,,
2082000,,
2082092,,
2083000,,
2083092,,
2084000,,
2084092,,
2085000,,
2085092,,
2086000,,
2086092,,
2087000,,
2087092,,
2088000,,
2088092,,
2089000,,
2089092,,
2090000,6493.7373046875,
2090092,,
2091000,,
2091092,,
2092000,,
2092092,,
2093000,,
2093092,,
2094000,,
2094092,,
2095000,,
2095092,,
2096000,,
2096092,,
2097000,,
2097092,,
2098000,,
2098092,,
2099000,,
2099092,,
2099230,,
2100000,5841.896484375,
2100230,,
2100793,,
2101000,,
2101793,,
2102000,,
2102793,,
2103000,,
2103793,,
2104000,,
2104793,,
2105000,,
2105793,,
2106000,,
2106793,,
2107000,,
2107793,,
2108000,,
2108793,,
2109000,,
2109793,,
2110000,6440.767578125,
2110793,,
2111000,,
2111793,,
2112000,,
2112793,,
2113000,,
2113793,,
2114000,,
2114793,,
2115000,,
2115793,,
2116000,,
2116793,,
2117000,,
2117793,,
2118000,,
2118557,,
2119000,,
2119557,,
2120000,6499.4052734375,
2120557,,
2121000,,
2121557,,
2122000,,
2122557,,
2123000,,
2123557,,
2124000,,
2124557,,
2125000,,
2125557,,
2126000,,
2126557,,
2127000,,
2127557,,
2128000,,
2128557,,
2129000,,
2129557,,
2130000,5928.56884765625,
2130557,,
2131000,,
2131557,,
2132000,,
2132557,,
2133000,,
2133557,,
2133875,,
2134000,,
2134875,,
2135000,,
2135875,,
2136000,,
2136875,,
2137000,,
2137789,,
2138000,,
2138789,,
2139000,,
2139789,,
2140000,6485.82421875,
2140140,,
2141000,,
2141140,,
2142000,,
2142140,,
2143000,,
2143140,,
2144000,,
2144140,,
2145000,,
2145140,,
2146000,,
2146140,,
2147000,,
2147140,,
2148000,,
2148140,,
2149000,,
2149140,,
2150000,6463.642578125,
2150140,,
2151000,,
2151140,,
2152000,,
2152140,,
2153000,,
2153140,,
2154000,,
2154140,,
2155000,,
2155140,,
2156000,,
2156140,,
2157000,,
2157140,,
2158000,,
2158140,,
2159000,,
2159140,,
2160000,5871.6025390625,
2160140,,
2161000,,
2161140,,
2162000,,
2162140,,
2163000,,
2163140,,
2164000,,
2164140,,
2165000,,
2165140,,
2166000,,
2166140,,
2167000,,
2167140,,
2168000,,
2168140,,
2169000,,
2169140,,
2170000,5432.75927734375,
2170140,,
2171000,,
2171140,,
2172000,,
2172140,,
2173000,,
2173140,,
2174000,,
2174140,,
2175000,,
2175140,,
2176000,,
2176140,,
2177000,,
2177140,,
2177774,,
2177979,,
2178000,,
2178979,,
2179000,,
2179979,,
2180000,6512.904296875,
2180979,,
2181000,,
2181979,,
2182000,,
2182979,,
2183000,,
2183979,,
2184000,,
2184979,,
2185000,,
2185979,,
2186000,,
2186979,,
2187000,,
2187979,,
2188000,,
2188979,,
2189000,,
2189979,,
2190000,5445.380859375,
2190226,,
2191000,,
2191226,,
2192000,,
2192226,,
2193000,,
2193226,,
2194000,,
2194226,,
2195000,,
2195226,,
2196000,,
2196226,,
2197000,,
2197226,,
2198000,,
2198226,,
2199000,,
2199226,,
2200000,5603.11279296875,
2200099,,
2201000,,
2201099,,
2202000,,
2202099,,
2203000,,
2203099,,
2204000,,
2204099,,
2205000,,
2205099,,
2206000,,
2206099,,
2207000,,
2207099,,
2207574,,
2208000,,
2208574,,
2209000,,
2209574,,
2210000,6370.83984375,
2210574,,
2211000,,
2211574,,
2212000,,
2212574,,
2213000,,
2213303,,
2214000,,
2214303,,
2215000,,
2215303,,
2216000,,
2216303,,
2217000,,
2217303,,
2218000,,
2218303,,
2219000,,
2219303,,
2220000,6273.44970703125,
2220303,,
2221000,,
2221303,,
2222000,,
2222303,,
2223000,,
2223303,,
2224000,,
2224303,,
2225000,,
2225303,,
2226000,,
2226303,,
2227000,,
2227303,,
2228000,,
2228303,,
2228923,,
2229000,,
2229923,,
2230000,6595.650390625,
2230923,,
2231000,,
2231554,,
2232000,,
2232554,,
2233000,,
2233554,,
2233967,,
2234000,,
2234967,,
2235000,,
2235967,,
2236000,,
2236967,,
2237000,,
2237967,,
2238000,,
2238967,,
2239000,,
2239967,,
2240000,6421.85791015625,
2240967,,
2241000,,
2241967,,
2242000,,
2242967,,
2243000,,
2243721,,
2244000,,
2244721,,
2245000,,
2245721,,
2246000,,
2246721,,
2247000,,
2247721,,
2248000,,
2248721,,
2249000,,
2249368,,
2250000,5441.45458984375,
2250368,,
2251000,,
2251368,,
2252000,,
2252368,,
2253000,,
2253368,,
2254000,,
2254368,,
2255000,,
2255368,,
2256000,,
2256368,,
2257000,,
2257280,,
2258000,,
2258280,,
2258693,,
2259000,,
2259693,,
2260000,6580.15576171875,
2260693,,
2261000,,
2261693,,
2262000,,
2262693,,
2263000,,
2263693,,
2264000,,
2264693,,
2265000,,
2265693,,
2266000,,
2266693,,
2267000,,
2267693,,
2268000,,
2268693,,
2269000,,
2269693,,
2270000,6664.66357421875,
2270693,,
2271000,,
2271693,,
2272000,,
2272693,,
2273000,,
2273693,,
2274000,,
2274693,,
2275000,,
2275693,,
2276000,,
2276693,,
2277000,,
2277693,,
2278000,,
2278693,,
2279000,,
2279693,,
2280000,6243.02294921875,
2280693,,
2281000,,
2281046,,
2282000,,
2282046,,
2283000,,
2283046,,
2284000,,
2284046,,
2285000,,
2285046,,
2286000,,
2286046,,
2287000,,
2287046,,
2288000,,
2288046,,
2289000,,
2289046,,
2290000,6576.345703125,
2290046,,
2291000,,
2291046,,
2292000,,
2292046,,
2293000,,
2293046,,
2294000,,
2294046,,
2295000,,
2295046,,
2296000,,
2296046,,
2297000,,
2297046,,
2297607,,
2298000,,
2298607,,
2298970,,
2299000,,
2299970,,
2300000,5806.19189453125,
2300970,,
2301000,,
2301970,,
2302000,,
2302970,,
2303000,,
2303970,,
2304000,,
2304970,,
2305000,,
2305970,,
2306000,,
2306970,,
2307000,,
2307970,,
2308000,,
2308970,,
2309000,,
2309970,,
2310000,6608.232421875,
2310970,,
2311000,,
2311970,,
2312000,,
2312970,,
2313000,,
2313970,,
2314000,,
2314970,,
2315000,,
2315970,,
2316000,,
2316970,,
2317000,,
2317970,,
2318000,,
2318970,,
2319000,,
2319970,,
2320000,6373.3642578125,
2320245,,
2321000,,
2321245,,
2322000,,
2322245,,
2323000,,
2323245,,
2324000,,
2324245,,
2325000,,
2325245,,
2326000,,
2326245,,
2327000,,
2327245,,
2328000,,
2328245,,
2329000,,
2329245,,
2330000,5419.470703125,
2330245,,
2331000,,
2331245,,
2331424,,
2332000,,
2332424,,
2333000,,
2333424,,
2334000,,
2334424,,
2335000,,
2335424,,
2336000,,
2336424,,
2337000,,
2337424,,
2338000,,
2338424,,
2339000,,
2339424,,
2340000,6580.54541015625,
2340424,,
2341000,,
2341424,,
2342000,,
2342424,,
2343000,,
2343424,,
2344000,,
2344424,,
2345000,,
2345424,,
2346000,,
2346424,,
2347000,,
2347424,,
2348000,,
2348424,,
2349000,,
2349424,,
2350000,6678.82177734375,
2350424,,
2351000,,
2351424,,
2351893,,
2352000,,
2352893,,
2353000,,
2353893,,
2354000,,
2354893,,
2355000,,
2355893,,
2356000,,
2356893,,
2357000,,
2357893,,
2358000,,
2358893,,
2359000,,
2359893,,
2360000,6561.029296875,
2360893,,
2361000,,
2361624,,
2362000,,
2362624,,
2363000,,
2363624,,
2364000,,
2364624,,
2365000,,
2365624,,
2366000,,
2366624,,
2367000,,
2367624,,
2368000,,
2368624,,
2369000,,
2369624,,
2369914,,
2370000,6005.8955078125,
2370914,,
2371000,,
2371914,,
2372000,,
2372323,,
2373000,,
2373323,,
2374000,,
2374323,,
2374523,,
2375000,,
2375523,,
2376000,,
2376523,,
2377000,,
2377523,,
2378000,,
2378523,,
2379000,,
2379523,,
2380000,5947.466796875,
2380523,,
2381000,,
2381523,,
2382000,,
2382523,,
2383000,,
2383523,,
2384000,,
2384523,,
2385000,,
2385523,,
2386000,,
2386523,,
2387000,,
2387523,,
2388000,,
2388523,,
2389000,,
2389523,,
2390000,6637.3828125,
2390523,,
2391000,,
2391523,,
2392000,,
2392523,,
2392927,,
2393000,,
2393927,,
2394000,,
2394927,,
2395000,,
2395927,,
2396000,,
2396927,,
2397000,,
2397927,,
2398000,,
2398927,,
2399000,,
2399927,,
2400000,6641.70849609375,
2400030,,
2401000,,
2401030,,
2402000,,
2402030,,
2402128,,
2402271,,
2403000,,
2403271,,
2404000,,
2404271,,
2404811,,
2405000,,
2405313,,
2406000,,
2406313,,
2407000,,
2407313,,
2408000,,
2408313,,
2409000,,
2409313,,
2410000,5408.98779296875,
2410313,,
2411000,,
2411313,,
2412000,,
2412313,,
2412819,,
2413000,,
2413819,,
2414000,,
2414683,,
2415000,,
2415683,,
2416000,,
2416683,,
2417000,,
2417087,,
2418000,,
2418087,,
2419000,,
2419087,,
2420000,5617.47119140625,
2420087,,
2421000,,
2421087,,
2422000,,
2422087,,
2422754,,
2423000,,
2423754,,
2424000,,
2424754,,
2424974,,
2425000,,
2425606,,
2425878,,
2426000,,
2426878,,
2427000,,
2427436,,
2427660,,
2428000,,
2428503,,
2429000,,
2429330,,
2430000,4564.13916015625,
2430330,,
2431000,,
2431330,,
2432000,,
2432330,,
2433000,,
2433330,,
2434000,,
2434008,,
2434268,,
2434425,,
2434561,,
2435000,,
2435260,,
2435548,,
2436000,,
2436329,,
2436887,,
2437000,,
2437887,,
2438000,,
2438887,,
2439000,,
2439887,,
2440000,5483.97998046875,
2440887,,
2441000,,
2441887,,
2442000,,
2442198,,
2443000,,
2443198,,
2444000,,
2444198,,
2444893,,
2445000,,
2445212,,
2446000,,
2446212,,
2447000,,
2447212,,
2448000,,
2448212,,
2449000,,
2449212,,
2450000,5829.7724609375,
2450212,,
2451000,,
2451212,,
2452000,,
2452212,,
2453000,,
2453212,,
2453604,,
2453707,,
2454000,,
2454707,,
2455000,,
2455707,,
2456000,,
2456707,,
2457000,,
2457707,,
2458000,,
2458707,,
2459000,,
2459164,,
2460000,4811.59326171875,
2460164,,
2461000,,
2461164,,
2462000,,
2462164,,
2462277,,
2462707,,
2462849,,
2463000,,
2463662,,
2464000,,
2464662,,
2465000,,
2465264,,
2465356,,
2465941,,
2466000,,
2466067,,
2466860,,
2467000,,
2467803,,
2468000,,
2468803,,
2469000,,
2469803,,
2470000,5496.51513671875,
2470614,,
2471000,,
2471614,,
2472000,,
2472614,,
2473000,,
2473614,,
2474000,,
2474614,,
2475000,,
2475614,,
2475937,,
2476000,,
2476483,,
2477000,,
2477483,,
2478000,,
2478483,,
2479000,,
2479483,,
2480000,6017.73388671875,
2480483,,
2481000,,
2481483,,
2482000,,
2482483,,
2483000,,
2483483,,
2484000,,
2484483,,
2484903,,
2485000,,
2485903,,
2486000,,
2486903,,
2487000,,
2487903,,
2488000,,
2488903,,
2489000,,
2489903,,
2490000,5428.22216796875,
2490903,,
2491000,,
2491903,,
2492000,,
2492903,,
2493000,,
2493903,,
2494000,,
2494903,,
2495000,,
2495903,,
2496000,,
2496903,,
2497000,,
2497903,,
2498000,,
2498903,,
2499000,,
2499224,,
